<ClinicalDocument xmlns="urn:hl7-org:v3" xmlns:cda="urn:hl7-org:v3" xmlns:sdtc="urn:hl7-org:sdtc"
  xmlns:voc="http://www.lantanagroup.com/voc"
  xmlns:xsi="http://www.w3.org/2001/XMLSchema-instance"
  xsi:schemaLocation="urn:hl7-org:v3 ../../schema/infrastructure/cda/CDA_SDTC.xsd">
  <realmCode code="US" />
  <!-- [C-CDA R1.1] US Realm Header-->
  <typeId extension="POCD_HD000040" root="2.16.840.1.113883.1.3" />
  <!-- [C-CDA R2.1] US Realm Header (V3) -->
  <templateId root="2.16.840.1.113883.10.20.22.1.1" />
  <!-- [eICR R2 STU1.1] Initial Public Health Case Report Document (eICR) (V2) -->
  <templateId extension="2015-08-01" root="2.16.840.1.113883.10.20.22.1.1" />
  <templateId extension="2016-12-01" root="2.16.840.1.113883.10.20.15.2" />
  <!-- Globally unique document ID (extension) is scoped by vendor/software-->
  <id root="10c13861-86a8-4a9a-aec6-b615921178df" />
  <!-- Documen Code-->
  <code code="55751-2" codeSystem="2.16.840.1.113883.6.1" codeSystemName="LOINC"
    displayName="Public Health Case Report" />
  <title>Initial Public Health Case Report</title>
  <effectiveTime value="20250222150045-0400" />
  <confidentialityCode code="N" codeSystem="2.16.840.1.113883.5.25" displayName="Normal" />
  <languageCode code="en-US" />
  <setId extension="8d86218e-0fea-11eb-8216-a80388425cfb"
    root="1.2.840.114350.1.13.380.3.7.1.1" />
  <versionNumber value="3" />
  <!-- recordTarget: The patient -->
  <recordTarget>
    <!-- Patient demographics -->
    <patientRole>
      <!-- Patient ID-->
      <id extension="MRN-00884455" root="2.16.840.1.113883.19.5" />
      <!--SSN-->
      <id extension="000-65-4321" root="2.16.840.1.113883.4.1" />
      <addr use="H">
        <streetAddressLine>500 Republica, Suite 400</streetAddressLine>
        <city>Senate District</city>
        <state>Galactic City</state>
        <postalCode>GC-500</postalCode>
        <county>Administrative Core</county>
        <country>Coruscant</country>
      </addr>
      <telecom use="MC" value="tel:+1-555-555-9876" />
      <telecom use="WP" value="mailto:mon.mothma@senate.gr.example.com" />
      <patient>
        <name use="L">
          <prefix>Senator</prefix>
          <given>Mon</given>
          <family>Mothma</family>
        </name>
        <administrativeGenderCode code="F" codeSystem="2.16.840.1.113883.5.1"
          displayName="Female" />
        <birthTime value="19750101" />
        <sdtc:deceasedInd value="false" />
        <raceCode code="2106-3" codeSystem="2.16.840.1.113883.6.238"
          codeSystemName="Race &amp; Ethnicity - CDC" displayName="White" />
        <ethnicGroupCode code="2186-5" codeSystem="2.16.840.1.113883.6.238"
          codeSystemName="Race &amp; Ethnicity - CDC"
          displayName="Not Hispanic or Latino" />
        <languageCommunication>
          <languageCode code="en" />
          <preferenceInd value="true" />
        </languageCommunication>
      </patient>
    </patientRole>
  </recordTarget>

  <!-- Author/authenticator may be software or may be a provider such as "infection control
  professional"-->
  <author>
    <time value="20250227150045-0400" />
    <assignedAuthor>
      <id root="2.16.840.1.113883.3.72.5.20" />
      <addr use="WP">
        <streetAddressLine>500 Republica Medical Plaza, Suite 1000</streetAddressLine>
        <city>Senate District</city>
        <state>Galactic City</state>
        <postalCode>GC-500</postalCode>
        <county>Administrative Core</county>
        <country>Coruscant</country>
      </addr>
      <telecom use="WP" value="tel:+1-888-000-9999" />
      <telecom use="WP" value="fax:+1-888-000-1111" />
      <assignedAuthoringDevice>
        <manufacturerModelName>EpicCore Galactic - Version 45.7</manufacturerModelName>
        <softwareName>EpicCore Galactic - Version 45.7</softwareName>
      </assignedAuthoringDevice>
    </assignedAuthor>
  </author>

  <!-- Custodian: organization or entity that is responsible for maintaining and safeguarding the
  document -->
  <custodian>
    <assignedCustodian>
      <representedCustodianOrganization>
        <!-- Custodian ID (NPI) -->
        <id extension="1234567893" root="2.16.840.1.113883.4.6" />
        <name>Grand Republic Medical Facility Clinic</name>
        <telecom use="WP" value="tel:+1-888-000-9999" />
        <addr use="WP">
          <streetAddressLine>500 Republica Medical Plaza, Suite 1000</streetAddressLine>
          <city>Senate District</city>
          <state>Galactic City</state>
          <postalCode>GC-500</postalCode>
          <county>Administrative Core</county>
          <country>Coruscant</country>
        </addr>
      </representedCustodianOrganization>
    </assignedCustodian>
  </custodian>

  <!-- Emergency contact -->
  <participant typeCode="IND">
    <time nullFlavor="UNK" />
    <associatedEntity classCode="ECON">
      <addr use="H">
        <streetAddressLine>500 Republica, Suite 400</streetAddressLine>
        <city>Senate District</city>
        <state>Galactic City</state>
        <potalCode>GC-500</potalCode>
        <county>Administrative Core</county>
        <country>Coruscant</country>
      </addr>
      <telecom value="tel:+1-555-555-9877" use="MC" />
      <associatedPerson>
        <name use="L">
          <prefix>Mr</prefix>
          <given>Perrin</given>
          <family>Fertha</family>
        </name>
      </associatedPerson>
    </associatedEntity>
  </participant>

  <!-- componentOf: contains the encompassingEncouter and the provider and facility infomation for
  the case -->
  <componentOf>
    <encompassingEncounter>
      <!-- encounter ID-->
      <id extension="9937015" root="2.16.840.1.113883.19" />
      <code code="AMB" codeSystem="2.16.840.1.113883.5.4"
        codeSystemName="HL7 ActEncounterCode"
        displayName="Ambulatory" />
      <effectiveTime>
        <low value="20200513" />
        <high value="20200513" />
      </effectiveTime>
      <responsibleParty>
        <assignedEntity>
          <!-- Provider ID (NPI) -->
          <id extension="1234567890" root="2.16.840.1.113883.4.6" />
          <addr use="H">
            <streetAddressLine>200 Corusca Street</streetAddressLine>
            <city>Senate District</city>
            <state>Galactic City</state>
            <postalCode>GC-500</postalCode>
            <county>Administrative Core</county>
            <country>Coruscant</country>
          </addr>
          <telecom use="WP" value="tel:+1-555-777-0123" />
          <telecom use="WP" value="fax:+1-555-777-0987" />
          <telecom use="WP" value="mailto:dr.hemlock@grmfc.gc.example.com" />
          <assignedPerson>
            <name>
              <prefix>Dr</prefix>
              <given>Royce</given>
              <family>Hemlock</family>
              <suffix>MD</suffix>
            </name>
          </assignedPerson>
          <representedOrganization>
            <!-- Represented Organization-->
            <id extension="1234567893" root="2.16.840.1.113883.4.6" />
            <!-- Provider Facility/Office Name-->
            <name>Grand Republic Medical Facility Clinic</name>
            <addr use="WP">
              <streetAddressLine>500 Republica Medical Plaza, Suite 1000</streetAddressLine>
              <city>Senate District</city>
              <state>Galactic City</state>
              <postalCode>GC-500</postalCode>
              <county>Administrative Core</county>
              <country>Coruscant</country>
            </addr>
          </representedOrganization>
        </assignedEntity>
      </responsibleParty>
      <location>
        <healthCareFacility>
          <!-- Facility ID (NPI) -->
          <id extension="1234567890" root="2.16.840.1.113883.4.6" />
          <!-- Facility location within larger healthcare organization e.g Kaiser Vacaville within
          Kaiser North-->
          <code code="OF" codeSystem="2.16.840.1.113883.5.111"
            codeSystemName="HL7RoleCode" displayName="Outpatient Facility" />
          <location>
            <addr use="WP">
              <streetAddressLine>500 Republica Medical Plaza, Suite 1000</streetAddressLine>
              <city>Senate District</city>
              <state>Galactic City</state>
              <postalCode>GC-500</postalCode>
              <county>Administrative Core</county>
              <country>Coruscant</country>
            </addr>
          </location>
          <serviceProviderOrganization>
            <!-- Provider Facility/Office Name-->
            <name>Grand Republic Medical Facility Clinic</name>
            <telecom use="WP" value="tel:+1-888-000-9999" />
            <telecom use="WP" value="fax:+1-888-000-1111" />
            <addr use="WP">
              <streetAddressLine>500 Republica Medical Plaza, Suite 1000</streetAddressLine>
              <city>Senate District</city>
              <state>Galactic City</state>
              <postalCode>GC-500</postalCode>
              <county>Administrative Core</county>
              <country>Coruscant</country>
            </addr>
          </serviceProviderOrganization>
        </healthCareFacility>
      </location>
    </encompassingEncounter>
  </componentOf>

  <!-- first component holds the structredBody -->
  <component>
    <!-- structredBody contains all of the clinical sections of the eICR -->
    <structuredBody>

      <!-- Encounters section -->
      <component>
        <section>
          <!-- [C-CDA R1.1] Encounters Section (entries optional) -->
          <templateId root="2.16.840.1.113883.10.20.22.2.22" />
          <!-- [C-CDA R2.1] Encounters Section (entries optional) (V3) -->
          <templateId root="2.16.840.1.113883.10.20.22.2.22" extension="2015-08-01" />
          <!-- [C-CDA R1.1] Encounters Section (entries required) -->
          <templateId root="2.16.840.1.113883.10.20.22.2.22.1" />
          <!-- [C-CDA R2.1] Encounters Section (entries required) (V3) -->
          <templateId root="2.16.840.1.113883.10.20.22.2.22.1" extension="2015-08-01" />
          <code code="46240-8" codeSystem="2.16.840.1.113883.6.1" codeSystemName="LOINC"
            displayName="History of encounters" />
          <title>Encounters</title>
          <text>
            <table>
              <thead>
                <tr>
                  <th>Encounter</th>
                  <th>Date(s)</th>
                  <th>Location</th>
                </tr>
              </thead>
              <tbody>
                <!-- Initial Visit -->
                <tr ID="encounter_20250216_ref">
                  <td>Office outpatient visit 15 minutes</td>
                  <td>Feb 16, 2025</td>
                  <td>
                    <list styleCode="none">
                      <item>
                        <content styleCode="Italics">Grand Republic Medical Facility Clinic</content>
                      </item>
                    </list>
                  </td>
                </tr>
                <!-- Follow-up Visit -->
                <tr ID="encounter_20250217_ref">
                  <td>Office outpatient visit - followup</td>
                  <td>Feb 17, 2025</td>
                  <td>
                    <list styleCode="none">
                      <item>
                        <content styleCode="Italics">Grand Republic Medical Facility Clinic</content>
                      </item>
                    </list>
                  </td>
                </tr>
                <!-- Results Visit with Diagnoses -->
                <tr ID="encounter_20250221_ref">
                  <td>Office outpatient visit - results review</td>
                  <td>Feb 21, 2025</td>
                  <td>
                    <list styleCode="none">
                      <item>
                        <content styleCode="Italics">Grand Republic Medical Facility Clinic</content>
                      </item>
                    </list>
                  </td>
                </tr>
                <tr>
                  <td colspan="20">
                    <list styleCode="none">
                      <item>
                        <table>
                          <thead>
                            <tr>
                              <th>Encounter Diagnosis Type</th>
                            </tr>
                          </thead>
                          <tbody>
                            <tr>
                              <td>Diagnosis</td>
                            </tr>
                            <tr>
                              <td colspan="20">
                                <list styleCode="none">
                                  <item>
                                    <table>
                                      <thead>
                                        <tr>
                                          <th>Initial Case Report Trigger Code Problem Observation</th>
                                          <th>Problem</th>
                                          <th>Trigger Code</th>
                                          <th>Trigger Code codeSystem</th>
                                          <th>RCTC OID</th>
                                          <th>RCTC Version</th>
                                          <th>Date(s)</th>
                                        </tr>
                                      </thead>
                                      <tbody>
                                        <tr ID="covid_diagnosis_ref">
                                          <td>Diagnosis</td>
                                          <td>Disease caused by severe acute respiratory syndrome
                                            coronavirus 2 (disorder)</td>
                                          <td>840539006</td>
                                          <td>SNOMED CT</td>
                                          <td>2.16.840.1.114222.4.11.7508</td>
                                          <td>20250216</td>
                                          <td>Feb 21, 2025</td>
                                        </tr>
                                        <tr ID="influenza_diagnosis_ref">
                                          <td>Diagnosis</td>
                                          <td>Influenza A virus infection (disorder)</td>
                                          <td>719865001</td>
                                          <td>SNOMED CT</td>
                                          <td>2.16.840.1.114222.4.11.7508</td>
                                          <td>20250216</td>
                                          <td>Feb 21, 2025</td>
                                        </tr>
                                      </tbody>
                                    </table>
                                  </item>
                                </list>
                              </td>
                            </tr>
                          </tbody>
                        </table>
                      </item>
                    </list>
                  </td>
                </tr>
              </tbody>
            </table>
          </text>
          <!-- Initial Visit Entry -->
          <entry typeCode="DRIV">
            <encounter classCode="ENC" moodCode="EVN">
              <templateId root="2.16.840.1.113883.10.20.22.4.49" />
              <templateId root="2.16.840.1.113883.10.20.22.4.49" extension="2015-08-01" />
              <id root="d4994d30-b5a0-4526-a512-d8d7a5c7c1f3" />
              <code code="99213" codeSystem="2.16.840.1.113883.6.12" codeSystemName="CPT-4"
                displayName="Office outpatient visit 15 minutes" />
              <effectiveTime value="20250216" />
              <participant typeCode="LOC">
                <participantRole classCode="SDLOC">
                  <code code="1160-1" codeSystem="2.16.840.1.113883.1.11.20275"
                    codeSystemName="HealthcareServiceLocation"
                    displayName="Grand Republic Medical Facility Clinic" />
                </participantRole>
              </participant>
              <performer>
                <assignedEntity>
                  <id extension="1234567890" root="2.16.840.1.113883.4.6" />
                  <assignedPerson>
                    <name>
                      <prefix>Dr</prefix>
                      <given>Royce</given>
                      <family>Hemlock</family>
                    </name>
                  </assignedPerson>
                </assignedEntity>
              </performer>
            </encounter>
          </entry>
          <!-- Follow-up Visit Entry -->
          <entry typeCode="DRIV">
            <encounter classCode="ENC" moodCode="EVN">
              <templateId root="2.16.840.1.113883.10.20.22.4.49" />
              <templateId root="2.16.840.1.113883.10.20.22.4.49" extension="2015-08-01" />
              <id root="c7a76229-eda1-4948-9332-05416f11a457" />
              <code code="99213" codeSystem="2.16.840.1.113883.6.12" codeSystemName="CPT-4"
                displayName="Office outpatient visit - followup" />
              <effectiveTime value="20250217" />
              <participant typeCode="LOC">
                <participantRole classCode="SDLOC">
                  <code code="1160-1" codeSystem="2.16.840.1.113883.1.11.20275"
                    codeSystemName="HealthcareServiceLocation"
                    displayName="Grand Republic Medical Facility Clinic" />
                </participantRole>
              </participant>
              <performer>
                <assignedEntity>
                  <id extension="1234567890" root="2.16.840.1.113883.4.6" />
                  <assignedPerson>
                    <name>
                      <prefix>Dr</prefix>
                      <given>Royce</given>
                      <family>Hemlock</family>
                    </name>
                  </assignedPerson>
                </assignedEntity>
              </performer>
            </encounter>
          </entry>
          <!-- Results Visit with Diagnoses -->
          <entry typeCode="DRIV">
            <encounter classCode="ENC" moodCode="EVN">
              <templateId root="2.16.840.1.113883.10.20.22.4.49" />
              <templateId root="2.16.840.1.113883.10.20.22.4.49" extension="2015-08-01" />
              <id root="6e12d84f-9e8a-45cb-b1d7-f43a72a86cc5" />
              <code code="99212" codeSystem="2.16.840.1.113883.6.12" codeSystemName="CPT-4"
                displayName="Office outpatient visit - results review" />
              <effectiveTime value="20250221" />
              <participant typeCode="LOC">
                <participantRole classCode="SDLOC">
                  <code code="1160-1" codeSystem="2.16.840.1.113883.1.11.20275"
                    codeSystemName="HealthcareServiceLocation"
                    displayName="Grand Republic Medical Facility Clinic" />
                </participantRole>
              </participant>
              <performer>
                <assignedEntity>
                  <id extension="1234567890" root="2.16.840.1.113883.4.6" />
                  <assignedPerson>
                    <name>
                      <prefix>Dr</prefix>
                      <given>Royce</given>
                      <family>Hemlock</family>
                    </name>
                  </assignedPerson>
                </assignedEntity>
              </performer>
              <!-- Link to COVID-19 Diagnosis -->
              <entryRelationship typeCode="COMP">
                <act classCode="ACT" moodCode="EVN">
                  <templateId root="2.16.840.1.113883.10.20.22.4.80" />
                  <templateId root="2.16.840.1.113883.10.20.22.4.80" extension="2015-08-01" />
                  <code code="29308-4" codeSystem="2.16.840.1.113883.6.1" codeSystemName="LOINC"
                    displayName="Diagnosis" />
                  <entryRelationship typeCode="SUBJ">
                    <observation classCode="OBS" moodCode="EVN" negationInd="false">
                      <templateId root="2.16.840.1.113883.10.20.22.4.4" />
                      <templateId root="2.16.840.1.113883.10.20.22.4.4" extension="2015-08-01" />
                      <templateId root="2.16.840.1.113883.10.20.15.2.3.3" extension="2016-12-01" />
                      <id root="5e3c9b57-fa2e-48a2-be29-47d9873e3c13" />
                      <code code="75323-6" codeSystem="2.16.840.1.113883.6.1" codeSystemName="LOINC"
                        displayName="Condition">
                        <translation code="282291009" codeSystem="2.16.840.1.113883.6.96"
                          codeSystemName="SNOMED CT" displayName="Diagnosis" />
                      </code>
                      <statusCode code="completed" />
                      <effectiveTime>
                        <low value="20250221" />
                      </effectiveTime>
                      <value xsi:type="CD" code="840539006" codeSystem="2.16.840.1.113883.6.96"
                        codeSystemName="SNOMED-CT"
                        displayName="Disease caused by severe acute respiratory syndrome coronavirus 2 (disorder)"
                        sdtc:valueSet="2.16.840.1.114222.4.11.7508" sdtc:valueSetVersion="20250216" />
                    </observation>
                  </entryRelationship>
                </act>
              </entryRelationship>
              <!-- Link to Influenza Diagnosis -->
              <entryRelationship typeCode="COMP">
                <act classCode="ACT" moodCode="EVN">
                  <templateId root="2.16.840.1.113883.10.20.22.4.80" />
                  <templateId root="2.16.840.1.113883.10.20.22.4.80" extension="2015-08-01" />
                  <code code="29308-4" codeSystem="2.16.840.1.113883.6.1" codeSystemName="LOINC"
                    displayName="Diagnosis" />
                  <entryRelationship typeCode="SUBJ">
                    <observation classCode="OBS" moodCode="EVN" negationInd="false">
                      <templateId root="2.16.840.1.113883.10.20.22.4.4" />
                      <templateId root="2.16.840.1.113883.10.20.22.4.4" extension="2015-08-01" />
                      <templateId root="2.16.840.1.113883.10.20.15.2.3.3" extension="2016-12-01" />
                      <id root="7f32bd91-c5f3-422b-8a9d-3bc24c1e8bc1" />
                      <code code="75323-6" codeSystem="2.16.840.1.113883.6.1" codeSystemName="LOINC"
                        displayName="Condition">
                        <translation code="282291009" codeSystem="2.16.840.1.113883.6.96"
                          codeSystemName="SNOMED CT" displayName="Diagnosis" />
                      </code>
                      <statusCode code="completed" />
                      <effectiveTime>
                        <low value="20250221" />
                      </effectiveTime>
                      <value xsi:type="CD" code="772828001" codeSystem="2.16.840.1.113883.6.96"
                        codeSystemName="SNOMED-CT"
                        displayName="Influenza caused by Influenza A virus subtype H5N1 (disorder)"
                        sdtc:valueSet="2.16.840.1.114222.4.11.7508" sdtc:valueSetVersion="20250216" />
                    </observation>
                  </entryRelationship>
                </act>
              </entryRelationship>
            </encounter>
          </entry>
        </section>
      </component>

      <!-- History of Present Illness Section -->
      <component>
        <section>
          <templateId root="1.3.6.1.4.1.19376.1.5.3.1.3.4" />
          <code code="10164-2" codeSystem="2.16.840.1.113883.6.1"
            codeSystemName="LOINC" displayName="History of Present Illness" />
          <title>History of Present Illness</title>
          <text mediaType="text/x-hl7-text+xml">
            <paragraph>The patient initially presented on February 16, 2025 with difficulty
              breathing and fever. At follow-up on February 17, patient reported worsening symptoms
              including cough. Patient disclosed recent travel to a known COVID-19 hot zone from
              February 8-14, 2025, prompting SARS-CoV-2 testing.</paragraph>
            <paragraph>On February 21, 2025, test results returned positive for SARS-CoV-2. Patient
              also reported increased muscle aches, headache, and fatigue. Additional testing
              revealed concurrent Influenza A infection. Patient diagnosis updated to confirmed
              COVID-19 and Influenza A co-infection.</paragraph>
          </text>
        </section>
      </component>

      <!-- Medications Administered Section -->
      <component>
        <section nullFlavor="NI">
          <!-- [C-CDA R1.1] Medications Administered Section -->
          <templateId root="2.16.840.1.113883.10.20.22.2.38" />
          <!-- [C-CDA R2.0] Medications Administered Section (V2) -->
          <templateId extension="2014-06-09"
            root="2.16.840.1.113883.10.20.22.2.38" />
          <code code="29549-3"
            codeSystem="2.16.840.1.113883.6.1"
            codeSystemName="LOINC"
            displayName="Medications Administered" />
          <title>Medications Administered</title>
          <text>No medications administered</text>
        </section>
      </component>

      <!-- Problems Section -->
      <component>
        <section>
          <!-- [C-CDA R1.1] Problem Section (entries optional)-->
          <templateId root="2.16.840.1.113883.10.20.22.2.5" />
          <!-- [C-CDA R2.1] Problem Section (entries optional) (V3) -->
          <templateId extension="2015-08-01"
            root="2.16.840.1.113883.10.20.22.2.5" />
          <!-- [C-CDA R1.1] Problem Section (entries required) -->
          <templateId root="2.16.840.1.113883.10.20.22.2.5.1" />
          <!-- [C-CDA R2.1] Problem Section (entries required) (V3) -->
          <templateId extension="2015-08-01"
            root="2.16.840.1.113883.10.20.22.2.5.1" />
          <code code="11450-4" codeSystem="2.16.840.1.113883.6.1"
            codeSystemName="LOINC" displayName="Problem List" />
          <title>Problem List</title>
          <text>
            <table>
              <thead>
                <tr>
                  <th>Concern</th>
                  <th>Concern Status</th>
                  <th>Date(s)</th>
                </tr>
              </thead>
              <tbody>
                <tr>
                  <td>Problem</td>
                  <td>active</td>
                  <td>02/16/2025</td>
                </tr>
                <tr>
                  <td>
                    <list>
                      <item>
                        <paragraph>*** In the table below, row entries with values under RCTC
                          columns triggered this Electronic Initial Case Report (eICR)</paragraph>
                        <table>
                          <thead>
                            <tr>
                              <th>Problem Type</th>
                              <th>Problem</th>
                              <th>Date(s)</th>
                              <th>Code</th>
                              <th>Code System</th>
                              <th>RCTC OID ***</th>
                              <th>RCTC Version ***</th>
                            </tr>
                          </thead>
                          <tbody>
                            <tr>
                              <td>symptom</td>
                              <td>Difficulty Breathing (finding)</td>
                              <td>02/16/2025</td>
                              <td>230145002</td>
                              <td>SNOMED-CT</td>
                              <td />
                              <td />
                            </tr>
                            <tr>
                              <td>symptom</td>
                              <td>Coronavirus infection (disorder)</td>
                              <td>02/16/2025</td>
                              <td>186747009</td>
                              <td>SNOMED-CT</td>
                              <td>2.16.840.1.114222.4.11.7508</td>
                              <td>20250216</td>
                            </tr>
                            <tr>
                              <td>condition</td>
                              <td>Disease caused by severe acute respiratory syndrome coronavirus 2
                                (disorder)</td>
                              <td>02/21/2025</td>
                              <td>840539006</td>
                              <td>SNOMED-CT</td>
                              <td>2.16.840.1.114222.4.11.7508</td>
                              <td>20250216</td>
                            </tr>
                            <tr>
                              <td>condition</td>
                              <td>Influenza A virus infection (disorder)</td>
                              <td>02/21/2025</td>
                              <td>719865001</td>
                              <td>SNOMED-CT</td>
                              <td>2.16.840.1.114222.4.11.7508</td>
                              <td>20250216</td>
                            </tr>
                          </tbody>
                        </table>
                      </item>
                    </list>
                  </td>
                </tr>
              </tbody>
            </table>
          </text>
          <entry typeCode="DRIV">
            <act classCode="ACT" moodCode="EVN">
              <!-- [C-CDA 1.1] Problem Concern Act -->
              <templateId root="2.16.840.1.113883.10.20.22.4.3" />
              <!-- [C-CDA 2.1] Problem Concern Act (V3) -->
              <templateId extension="2015-08-01" root="2.16.840.1.113883.10.20.22.4.3" />
              <id root="a1c0c380-eacc-4b40-9207-85164185558d" />
              <code code="CONC" codeSystem="2.16.840.1.113883.5.6" displayName="Concern" />
              <statusCode code="active" />
              <effectiveTime>
                <low value="20250216" />
              </effectiveTime>
              <!-- V1:  First Problem Observation: Difficulty Breathing -->
              <entryRelationship typeCode="SUBJ">
                <observation classCode="OBS" moodCode="EVN" negationInd="false">
                  <!-- [C-CDA R1.1] Problem Observation -->
                  <templateId root="2.16.840.1.113883.10.20.22.4.4" />
                  <templateId extension="2015-08-01" root="2.16.840.1.113883.10.20.22.4.4" />
                  <id root="1ab9be3d-7d95-478c-9db1-655bd93f7040" />
                  <code code="75325-1" codeSystem="2.16.840.1.113883.6.1" codeSystemName="LOINC"
                    displayName="SYMPTOM">
                    <translation code="418799008" codeSystem="2.16.840.1.113883.6.96"
                      codeSystemName="SNOMED CT" displayName="SYMPTOM" />
                  </code>
                  <statusCode code="completed" />
                  <effectiveTime>
                    <low value="20250216" />
                  </effectiveTime>
                  <value code="230145002" codeSystem="2.16.840.1.113883.6.96"
                    codeSystemName="SNOMED-CT" displayName="Difficulty Breathing (finding)"
                    xsi:type="CD" />
                </observation>
              </entryRelationship>
              <!-- V2: Second Problem Observation: Coronavirus infection -->
              <entryRelationship typeCode="SUBJ">
                <observation classCode="OBS" moodCode="EVN" negationInd="false">
                  <!-- [C-CDA R1.1] Problem Observation -->
                  <templateId root="2.16.840.1.113883.10.20.22.4.4" />
                  <templateId extension="2015-08-01" root="2.16.840.1.113883.10.20.22.4.4" />
                  <!-- [eICR R2 STU1.1] Initial Case Report Trigger Code Problem Observation -->
                  <templateId extension="2016-12-01" root="2.16.840.1.113883.10.20.15.2.3.3" />
                  <id root="1ea2fc61-9b88-4fd1-a43c-6e3f7502e0e8" />
                  <code code="75325-1" codeSystem="2.16.840.1.113883.6.1" codeSystemName="LOINC"
                    displayName="SYMPTOM">
                    <translation code="418799008" codeSystem="2.16.840.1.113883.6.96"
                      codeSystemName="SNOMED CT" displayName="SYMPTOM" />
                  </code>
                  <statusCode code="completed" />
                  <effectiveTime>
                    <low value="20250216" />
                  </effectiveTime>
                  <value code="186747009" codeSystem="2.16.840.1.113883.6.96"
                    codeSystemName="SNOMED-CT" displayName="Coronavirus infection (disorder)"
                    sdtc:valueSet="2.16.840.1.114222.4.11.7508" sdtc:valueSetVersion="20250216"
                    xsi:type="CD" />
                </observation>
              </entryRelationship>
              <!-- V3: Third Problem Observation: COVID-19 confirmed -->
              <entryRelationship typeCode="SUBJ">
                <observation classCode="OBS" moodCode="EVN" negationInd="false">
                  <templateId root="2.16.840.1.113883.10.20.22.4.4" />
                  <!-- [C-CDA R1.1] Problem Observation -->
                  <templateId extension="2015-08-01" root="2.16.840.1.113883.10.20.22.4.4" />
                  <!-- [eICR R2 STU1.1] Initial Case Report Trigger Code Problem Observation -->
                  <templateId extension="2016-12-01" root="2.16.840.1.113883.10.20.15.2.3.3" />
                  <id root="5e3c9b57-fa2e-48a2-be29-47d9873e3c13" />
                  <code code="75323-6" codeSystem="2.16.840.1.113883.6.1" codeSystemName="LOINC"
                    displayName="Condition">
                    <translation code="64572001" codeSystem="2.16.840.1.113883.6.96"
                      codeSystemName="SNOMED CT" displayName="Condition" />
                  </code>
                  <statusCode code="completed" />
                  <effectiveTime>
                    <low value="20250221" />
                  </effectiveTime>
                  <value code="840539006" codeSystem="2.16.840.1.113883.6.96"
                    codeSystemName="SNOMED-CT"
                    displayName="Disease caused by severe acute respiratory syndrome coronavirus 2 (disorder)"
                    sdtc:valueSet="2.16.840.1.114222.4.11.7508" sdtc:valueSetVersion="20250216"
                    xsi:type="CD" />
                </observation>
              </entryRelationship>
              <!-- V3: Fourth Problem Observation: Influenza -->
              <entryRelationship typeCode="SUBJ">
                <observation classCode="OBS" moodCode="EVN" negationInd="false">
                  <templateId root="2.16.840.1.113883.10.20.22.4.4" />
                  <templateId extension="2015-08-01" root="2.16.840.1.113883.10.20.22.4.4" />
                  <templateId extension="2016-12-01" root="2.16.840.1.113883.10.20.15.2.3.3" />
                  <id root="7f32bd91-c5f3-422b-8a9d-3bc24c1e8bc1" />
                  <code code="75323-6" codeSystem="2.16.840.1.113883.6.1" codeSystemName="LOINC"
                    displayName="Condition">
                    <translation code="64572001" codeSystem="2.16.840.1.113883.6.96"
                      codeSystemName="SNOMED CT" displayName="Condition" />
                  </code>
                  <statusCode code="completed" />
                  <effectiveTime>
                    <low value="20250221" />
                  </effectiveTime>
                  <value code="719865001" codeSystem="2.16.840.1.113883.6.96"
                    codeSystemName="SNOMED-CT"
                    displayName="Influenza A virus infection (disorder)"
                    sdtc:valueSet="2.16.840.1.114222.4.11.7508" sdtc:valueSetVersion="20250216"
                    xsi:type="CD" />
                </observation>
              </entryRelationship>
            </act>
          </entry>
        </section>
      </component>

      <!-- Reason for visit Section -->
      <component>
        <section>
          <templateId root="2.16.840.1.113883.10.20.22.2.12" />
          <code code="29299-5" codeSystem="2.16.840.1.113883.6.1"
            codeSystemName="LOINC" displayName="Reason for visit" />
          <title>Reason for visit</title>
          <text>
            <paragraph>fever, cough, exposure to COVID-19 hot zone
            </paragraph>
          </text>
        </section>
      </component>

      <!-- Results Section -->
      <component>
        <section>
          <!-- [C-CDA R1.1] Results Section (entries optional) -->
          <templateId root="2.16.840.1.113883.10.20.22.2.3" />
          <!-- [C-CDA R2.1] Results Section (entries optional) (V3) -->
          <templateId extension="2015-08-01"
            root="2.16.840.1.113883.10.20.22.2.3" />
          <!-- [C-CDA R1.1] Results Section (entries required) -->
          <templateId
            root="2.16.840.1.113883.10.20.22.2.3.1" />
          <!-- [C-CDA R2.1] Results Section (entries required) (V3) -->
          <templateId extension="2015-08-01"
            root="2.16.840.1.113883.10.20.22.2.3.1" />
          <code code="30954-2"
            codeSystem="2.16.840.1.113883.6.1"
            codeSystemName="LOINC"
            displayName="Relevant diagnostic tests and/or laboratory data" />
          <title>Results</title>
          <text>
            <table>
              <thead>
                <tr>
                  <th>Results Panel</th>
                  <th>Date(s)</th>
                </tr>
              </thead>
              <tbody>
                <tr>
                  <td>SARS-like Coronavirus N gene [Presence] in Unspecified specimen by NAA with
                    probe detection</td>
                  <td />
                </tr>
                <tr>
                  <td>
                    <list>
                      <item>
                        <paragraph>*** In the table below, row entries with values under RCTC
                          columns triggered this
                          Electronic Initial Case Report (eICR)</paragraph>
                        <table>
                          <thead>
                            <tr>
                              <th>Test</th>
                              <th>Lab Test RCTC OID ***</th>
                              <th>Lab Test RCTC Version ***</th>
                              <th>Outcome</th>
                              <th>Date(s)</th>
                              <th>Lab Result RCTC OID ***</th>
                              <th>Lab Result RCTC Version ***</th>
                            </tr>
                          </thead>
                          <tbody>
                            <tr>
                              <td>SARS-like Coronavirus N gene [Presence] in Unspecified specimen by
                                NAA with probe detection</td>
                              <td>2.16.840.1.114222.4.11.7508</td>
                              <td>20250221</td>
                              <td>Detected (qualifier value)</td>
                              <td>02/21/2025</td>
                              <td />
                              <td />
                            </tr>
                          </tbody>
                        </table>
                      </item>
                    </list>
                  </td>
                </tr>
                <tr>
                  <td>Influenza virus A subtype H5N1 RNA [Presence] in Respiratory specimen by NAA
                    with probe detection</td>
                  <td />
                </tr>
                <tr>
                  <td>
                    <list>
                      <item>
                        <paragraph>*** In the table below, row entries with values under RCTC
                          columns triggered this
                          Electronic Initial Case Report (eICR)</paragraph>
                        <table>
                          <thead>
                            <tr>
                              <th>Test</th>
                              <th>Lab Test RCTC OID ***</th>
                              <th>Lab Test RCTC Version ***</th>
                              <th>Outcome</th>
                              <th>Date(s)</th>
                              <th>Lab Result RCTC OID ***</th>
                              <th>Lab Result RCTC Version ***</th>
                            </tr>
                          </thead>
                          <tbody>
                            <tr>
                              <td>Influenza virus A RNA [Presence] in Respiratory specimen by NAA
                                with probe detection</td>
                              <td>2.16.840.1.114222.4.11.7508</td>
                              <td>20250221</td>
                              <td>Detected (qualifier value)</td>
                              <td>02/21/2025</td>
                              <td />
                              <td />
                            </tr>
                          </tbody>
                        </table>
                      </item>
                    </list>
                  </td>
                </tr>
              </tbody>
            </table>
          </text>
          <!-- COVID-19 Test Result Entry -->
          <entry typeCode="DRIV">
            <organizer classCode="BATTERY" moodCode="EVN">
              <!-- [C-CDA R1.1] Result Organizer -->
              <templateId root="2.16.840.1.113883.10.20.22.4.1" />
              <!-- [C-CDA R2.1] Result Organizer (V3) -->
              <templateId extension="2015-08-01" root="2.16.840.1.113883.10.20.22.4.1" />
              <id root="2047cca3-559f-45da-8775-406538fa4815" />
              <code code="94310-0" codeSystem="2.16.840.1.113883.6.1" codeSystemName="LOINC"
                displayName="SARS-like Coronavirus N gene [Presence] in Unspecified specimen by NAA with probe detection" />
              <statusCode code="completed" />
              <effectiveTime>
                <low value="20250221" />
                <high value="20250221" />
              </effectiveTime>
              <component>
                <observation classCode="OBS" moodCode="EVN">
                  <!-- [C-CDA R1.1] Result Observation -->
                  <templateId root="2.16.840.1.113883.10.20.22.4.2" />
                  <!-- [C-CDA R2.1] Result Observation (V3) -->
                  <templateId extension="2015-08-01" root="2.16.840.1.113883.10.20.22.4.2" />
                  <!-- [eICR R2 STU1.1] Initial Case Report Trigger Code Result Observation -->
                  <templateId extension="2016-12-01" root="2.16.840.1.113883.10.20.15.2.3.2" />
                  <id root="9890e2c3-019a-4168-8403-a0a069994440" />
                  <code code="94310-0" codeSystem="2.16.840.1.113883.6.1" codeSystemName="LOINC"
                    displayName="SARS-like Coronavirus N gene [Presence] in Unspecified specimen by NAA with probe detection"
                    sdtc:valueSet="2.16.840.1.114222.4.11.7508" sdtc:valueSetVersion="20250221"
                    xsi:type="CD" />
                  <statusCode code="completed" />
                  <effectiveTime value="20250221" /> <!-- Fixed date from 2020 to 2025 -->
                  <value code="260373001" codeSystem="2.16.840.1.113883.6.96"
                    codeSystemName="SNOMED-CT"
                    displayName="Detected (qualifier value)" xsi:type="CD" />
                </observation>
              </component>
            </organizer>
          </entry>
          <!-- Influenza Test Result Entry -->
          <entry typeCode="DRIV">
            <organizer classCode="BATTERY" moodCode="EVN">
              <!-- [C-CDA R1.1] Result Organizer -->
              <templateId root="2.16.840.1.113883.10.20.22.4.1" />
              <!-- [C-CDA R2.1] Result Organizer (V3) -->
              <templateId extension="2015-08-01" root="2.16.840.1.113883.10.20.22.4.1" />
              <id root="3f4b84f1-d3f6-4731-8e61-7c63d8f39a70" />
              <code code="95422-2" codeSystem="2.16.840.1.113883.6.1" codeSystemName="LOINC"
                displayName="Influenza virus A RNA [Presence] in Respiratory specimen by NAA with probe detection" />
              <statusCode code="completed" />
              <effectiveTime>
                <low value="20250221" />
                <high value="20250221" />
              </effectiveTime>
              <component>
                <observation classCode="OBS" moodCode="EVN">
                  <!-- [C-CDA R1.1] Result Observation -->
                  <templateId root="2.16.840.1.113883.10.20.22.4.2" />
                  <!-- [C-CDA R2.1] Result Observation (V3) -->
                  <templateId extension="2015-08-01" root="2.16.840.1.113883.10.20.22.4.2" />
                  <!-- [eICR R2 STU1.1] Initial Case Report Trigger Code Result Observation -->
                  <templateId extension="2016-12-01" root="2.16.840.1.113883.10.20.15.2.3.2" />
                  <id root="6c53c5ff-42a9-4f3c-a2c0-d412f019c0de" />
                  <code code="95422-2" codeSystem="2.16.840.1.113883.6.1" codeSystemName="LOINC"
                    displayName="Influenza virus A RNA [Presence] in Respiratory specimen by NAA with probe detection"
                    sdtc:valueSet="2.16.840.1.114222.4.11.7508" sdtc:valueSetVersion="20250221"
                    xsi:type="CD" />
                  <statusCode code="completed" />
                  <effectiveTime value="20250221" />
                  <value code="260373001" codeSystem="2.16.840.1.113883.6.96"
                    codeSystemName="SNOMED-CT"
                    displayName="Detected (qualifier value)" xsi:type="CD" />
                </observation>
              </component>
            </organizer>
          </entry>
        </section>
      </component>

      <!-- Plan of Care/Treatment Section -->
      <component>
        <section>
          <!-- [C-CDA R1.1] Plan of Care Section new -->
          <templateId root="2.16.840.1.113883.10.20.22.2.22.1" />
          <templateId extension="2014-06-09"
            root="2.16.840.1.113883.10.20.22.2.22.1" />
          <code code="18776-5" codeSystem="2.16.840.1.113883.6.1"
            codeSystemName="LOINC" displayName="Plan of Treatment" />
          <title>Plan of Treatment</title>
          <text>
            <paragraph>*** In the table below, row entries with values under RCTC columns triggered
              this Electronic Initial Case Report (eICR)</paragraph>
            <table>
              <thead>
                <tr>
                  <th>Lab Test Order</th>
                  <th>Code</th>
                  <th>CodeSystem</th>
                  <th>RCTC OID ***</th>
                  <th>RCTC Version ***</th>
                  <th>Ordered Date</th>
                </tr>
              </thead>
              <tbody>
                <tr>
                  <td>SARS-CoV-2 (COVID-19) RNA panel - Respiratory specimen by NAA with probe
                    detection</td>
                  <td>94500-6</td>
                  <td>LOINC</td>
                  <td>2.16.840.1.114222.4.11.7508</td>
                  <td>20250216</td>
                  <td>02/17/2025</td>
                </tr>
                <tr>
                  <td>Influenza virus A RNA panel</td>
                  <td>25836-8</td>
                  <td>LOINC</td>
                  <td>2.16.840.1.114222.4.11.7508</td>
                  <td>20250216</td>
                  <td>02/17/2025</td>
                </tr>
              </tbody>
            </table>

            <paragraph>Medications</paragraph>
            <list>
              <item>Remdesivir 100mg IV daily for 5 days for COVID-19</item>
              <item>Oseltamivir (Tamiflu) 75mg capsule PO twice daily for 5 days for Influenza A</item>
            </list>

            <paragraph>Follow-up</paragraph>
            <list>
              <item>Follow-up telehealth visit in 3 days to assess response to treatment</item>
            </list>
          </text>
          <!-- SARS-CoV-2 Test Order -->
          <entry typeCode="DRIV">
            <!-- This is a request for a test to be performed (a lab test order) -->
            <observation classCode="OBS" moodCode="RQO">
              <!-- [C-CDA R1.1] Plan of Care Activity Observation -->
              <templateId root="2.16.840.1.113883.10.20.22.4.44" />
              <!-- [C-CDA R2.0] Planned Observation (V2) -->
              <templateId root="2.16.840.1.113883.10.20.22.4.44" extension="2014-06-09" />
              <!-- [eICR R2 STU1.1] Initial Case Report Trigger Code Lab Test Order -->
              <templateId root="2.16.840.1.113883.10.20.15.2.3.4" extension="2016-12-01" />
              <id root="b52bee94-c34b-4e2b-9187-3f2150c7d331" />
              <code code="94500-6" codeSystem="2.16.840.1.113883.6.1" codeSystemName="LOINC"
                displayName="SARS-CoV-2 (COVID-19) RNA panel - Respiratory specimen by NAA with probe detection"
                sdtc:valueSet="2.16.840.1.114222.4.11.7508"
                sdtc:valueSetVersion="20250216" />
              <statusCode code="active" />
              <effectiveTime value="20250217" />
            </observation>
          </entry>
          <!-- Influenza Test Order -->
          <entry typeCode="DRIV">
            <!-- This is a request for a test to be performed (a lab test order) -->
            <observation classCode="OBS" moodCode="RQO">
              <!-- [C-CDA R1.1] Plan of Care Activity Observation -->
              <templateId root="2.16.840.1.113883.10.20.22.4.44" />
              <!-- [C-CDA R2.0] Planned Observation (V2) -->
              <templateId root="2.16.840.1.113883.10.20.22.4.44" extension="2014-06-09" />
              <!-- [eICR R2 STU1.1] Initial Case Report Trigger Code Lab Test Order -->
              <templateId root="2.16.840.1.113883.10.20.15.2.3.4" extension="2016-12-01" />
              <id root="4d2f0987-7a37-4f48-9dab-71c34fd837c2" />
              <code code="25836-8" codeSystem="2.16.840.1.113883.6.1" codeSystemName="LOINC"
                displayName="Influenza virus A RNA panel"
                sdtc:valueSet="2.16.840.1.114222.4.11.7508"
                sdtc:valueSetVersion="20250216" />
              <statusCode code="active" />
              <effectiveTime value="20250217" />
            </observation>
          </entry>
          <!-- COVID Medication -->
          <entry>
            <!-- This is a medication planned to be administered to the patient -->
            <substanceAdministration classCode="SBADM" moodCode="INT">
              <!-- [C-CDA R1.1] Medication Activity -->
              <templateId root="2.16.840.1.113883.10.20.22.4.16" />
              <!-- [C-CDA R2.1] Medication Activity (V2) -->
              <templateId root="2.16.840.1.113883.10.20.22.4.16" extension="2014-06-09" />
              <id root="cdbd33f0-6cde-11db-9fe1-0800200c9a66" />
              <statusCode code="active" />
              <!-- Start and end dates for the medication -->
              <effectiveTime xsi:type="IVL_TS">
                <low value="20250221" />
                <high value="20250226" />
              </effectiveTime>
              <!-- Frequency of administration (daily) -->
              <effectiveTime xsi:type="PIVL_TS" institutionSpecified="true" operator="A">
                <period value="24" unit="h" />
              </effectiveTime>
              <routeCode code="47625008" codeSystem="2.16.840.1.113883.6.96"
                codeSystemName="SNOMED CT" displayName="Intravenous route" />
              <doseQuantity value="100" unit="mg" />
              <consumable>
                <manufacturedProduct classCode="MANU">
                  <!-- [C-CDA R1.1] Medication Information -->
                  <templateId root="2.16.840.1.113883.10.20.22.4.23" />
                  <!-- [C-CDA R2.1] Medication Information (V2) -->
                  <templateId root="2.16.840.1.113883.10.20.22.4.23" extension="2014-06-09" />
                  <id root="2a620155-9d11-439e-92b3-5d9815ff4ee7" />
                  <manufacturedMaterial>
                    <code code="2284960" codeSystem="2.16.840.1.113883.6.88" codeSystemName="RxNorm"
                      displayName="remdesivir 100 MG Injection">
                      <originalText>Remdesivir 100mg IV daily for 5 days</originalText>
                    </code>
                  </manufacturedMaterial>
                </manufacturedProduct>
              </consumable>
              <!-- Reason for medication (indication) -->
              <entryRelationship typeCode="RSON">
                <observation classCode="OBS" moodCode="EVN">
                  <!-- [C-CDA R1.1] Indication -->
                  <templateId root="2.16.840.1.113883.10.20.22.4.19" />
                  <!-- [C-CDA R2.1] Indication (V2) -->
                  <templateId root="2.16.840.1.113883.10.20.22.4.19" extension="2014-06-09" />
                  <id root="db734647-fc99-424c-a864-7e3cda82e702" />
                  <code code="75323-6" codeSystem="2.16.840.1.113883.6.1" codeSystemName="LOINC"
                    displayName="Condition" />
                  <statusCode code="completed" />
                  <value xsi:type="CD" code="840539006" codeSystem="2.16.840.1.113883.6.96"
                    displayName="Disease caused by severe acute respiratory syndrome coronavirus 2 (disorder)" />
                </observation>
              </entryRelationship>
            </substanceAdministration>
          </entry>
          <!-- Influenza Medication -->
          <entry>
            <!-- This is a medication planned to be administered to the patient -->
            <substanceAdministration classCode="SBADM" moodCode="INT">
              <!-- [C-CDA R1.1] Medication Activity -->
              <templateId root="2.16.840.1.113883.10.20.22.4.16" />
              <!-- [C-CDA R2.1] Medication Activity (V2) -->
              <templateId root="2.16.840.1.113883.10.20.22.4.16" extension="2014-06-09" />
              <id root="91eb919e-5fc3-4a4b-9b22-3897c8e8e180" />
              <statusCode code="active" />
              <!-- Start and end dates for the medication -->
              <effectiveTime xsi:type="IVL_TS">
                <low value="20250221" />
                <high value="20250227" />
              </effectiveTime>
              <!-- Frequency of administration (twice daily) -->
              <effectiveTime xsi:type="PIVL_TS" institutionSpecified="true" operator="A">
                <period value="12" unit="h" />
              </effectiveTime>
              <routeCode code="26643006" codeSystem="2.16.840.1.113883.6.96"
                codeSystemName="SNOMED CT" displayName="Oral route" />
              <doseQuantity value="1" unit="capsule" />
              <consumable>
                <manufacturedProduct classCode="MANU">
                  <!-- [C-CDA R1.1] Medication Information -->
                  <templateId root="2.16.840.1.113883.10.20.22.4.23" />
                  <!-- [C-CDA R2.1] Medication Information (V2) -->
                  <templateId root="2.16.840.1.113883.10.20.22.4.23" extension="2014-06-09" />
                  <id root="2a620155-9d11-439e-92b3-5d9815ff4ee8" />
                  <manufacturedMaterial>
                    <code code="371005" codeSystem="2.16.840.1.113883.6.88" codeSystemName="RxNorm"
                      displayName="Oseltamivir 75 MG Oral Capsule">
                      <originalText>Oseltamivir (Tamiflu) 75mg capsule PO twice daily for 5 days</originalText>
                    </code>
                  </manufacturedMaterial>
                </manufacturedProduct>
              </consumable>
              <!-- Reason for medication (indication) -->
              <entryRelationship typeCode="RSON">
                <observation classCode="OBS" moodCode="EVN">
                  <!-- [C-CDA R1.1] Indication -->
                  <templateId root="2.16.840.1.113883.10.20.22.4.19" />
                  <!-- [C-CDA R2.1] Indication (V2) -->
                  <templateId root="2.16.840.1.113883.10.20.22.4.19" extension="2014-06-09" />
                  <id root="db734647-fc99-424c-a864-7e3cda82e703" />
                  <code code="75323-6" codeSystem="2.16.840.1.113883.6.1" codeSystemName="LOINC"
                    displayName="Condition" />
                  <statusCode code="completed" />
                  <value xsi:type="CD" code="772828001" codeSystem="2.16.840.1.113883.6.96"
                    displayName="Influenza caused by Influenza A virus subtype H5N1 (disorder)" />
                </observation>
              </entryRelationship>
            </substanceAdministration>
          </entry>
          <!-- Follow-up Visit -->
          <entry>
            <!-- This is a planned encounter -->
            <encounter classCode="ENC" moodCode="INT">
              <!-- [C-CDA R1.1] Plan of Care Activity Encounter -->
              <templateId root="2.16.840.1.113883.10.20.22.4.40" />
              <!-- [C-CDA R2.1] Planned Encounter (V2) -->
              <templateId root="2.16.840.1.113883.10.20.22.4.40" extension="2014-06-09" />
              <id root="5a784260-6856-4f38-9638-80c751aff2fb" />
              <code code="270427003" codeSystem="2.16.840.1.113883.6.96" codeSystemName="SNOMED CT"
                displayName="Patient-initiated encounter" />
              <statusCode code="active" />  <!-- Adding required statusCode -->
              <effectiveTime value="20250224" />
              <participant typeCode="LOC">
                <participantRole classCode="SDLOC">
                  <code code="1184-0" codeSystem="2.16.840.1.113883.1.11.20275"
                    codeSystemName="HealthcareServiceLocation" displayName="Telemedicine" />
                </participantRole>
              </participant>
            </encounter>
          </entry>
        </section>
      </component>

      <!-- Social History Section -->
      <component>
        <section>
          <!-- [C-CDA 1.1] Social History Section-->
          <templateId root="2.16.840.1.113883.10.20.22.2.17" />
          <!-- [C-CDA 2.1] Social History Section (V3) -->
          <templateId extension="2015-08-01"
            root="2.16.840.1.113883.10.20.22.2.17" />
          <code code="29762-2" codeSystem="2.16.840.1.113883.6.1"
            codeSystemName="LOINC" displayName="Social History" />
          <title>Social History</title>
          <text>
            <table>
              <thead>
                <tr>
                  <th>Birth Sex</th>
                  <th>Value</th>
                  <th>Date</th>
                </tr>
              </thead>
              <tbody>
                <tr>
                  <td>Sex Assigned At Birth</td>
                  <td>Female</td>
                  <td>01/01/1975</td>
                </tr>
              </tbody>
            </table>
            <table>
              <thead>
                <tr>
                  <th>Social History Observation Type</th>
                  <th>Value</th>
                  <th>Dates(s)</th>
                </tr>
              </thead>
              <tbody>
                <tr>
                  <td>Occupation / Employment details</td>
                  <td>Galactic Senator</td>
                  <td />
                </tr>
                <tr>
                  <td>Pregnancy Status</td>
                  <td>No</td>
                  <td />
                </tr>
              </tbody>
            </table>
            <table>
              <thead>
                <tr>
                  <th>Travel History: Date(s)</th>
                  <th>Notes</th>
                  <th>Location</th>
                </tr>
              </thead>
              <tbody>
                <tr>
                  <td>02/08/2025 - 02/14/2025</td>
                  <td>Recent travel to Chandrila</td>
                  <td />
                </tr>
              </tbody>
            </table>
          </text>
          <entry typeCode="DRIV">
            <observation classCode="OBS" moodCode="EVN">
              <!-- [C-CDA R2.1 Companion Guide] Birth Sex Observation -->
              <templateId root="2.16.840.1.113883.10.20.22.4.200" />
              <templateId extension="2016-06-01"
                root="2.16.840.1.113883.10.20.22.4.200" />
              <code code="76689-9" codeSystem="2.16.840.1.113883.6.1"
                codeSystemName="LOINC"
                displayName="Sex Assigned At Birth" />
              <statusCode code="completed" />
              <!-- effectiveTime if present should match birthTime -->
              <effectiveTime value="19750101" />
              <value code="F" codeSystem="2.16.840.1.113883.5.1"
                codeSystemName="AdministrativeGender"
                displayName="Female" xsi:type="CD" />
            </observation>
          </entry>
          <entry>
            <observation classCode="OBS" moodCode="EVN">
              <templateId root="2.16.840.1.113883.10.20.22.4.38" />
              <templateId extension="2015-08-01"
                root="2.16.840.1.113883.10.20.22.4.38" />
              <id root="db524287-4744-4ff8-a496-d775755a1ef2" />
              <code code="11295-3" codeSystem="2.16.840.1.113883.6.1"
                displayName="Occupation" />
              <statusCode code="completed" />
              <effectiveTime>
                <low value="20250216" />
              </effectiveTime>
              <value code="11000"
                codeSystem="2.16.840.1.113883.6.243"
                displayName="Government Officials" />
            </observation>
          </entry>
          <entry>
            <observation classCode="OBS" moodCode="EVN">
              <templateId root="2.16.840.1.113883.10.20.22.4.269" />
              <id root="b0784a8c-4c9f-4e67-8983-3d5c6d945807" />
              <code code="82810-3"
                codeSystem="2.16.840.1.113883.6.1"
                codeSystemName="LOINC"
                displayName="Pregnancy status" />
              <statusCode code="completed" />
              <effectiveTime>
                <low value="20250216" />
              </effectiveTime>
              <value xsi:type="CD"
                code="60001007"
                codeSystem="2.16.840.1.113883.6.96"
                codeSystemName="SNOMED CT"
                displayName="Not pregnant" />
            </observation>
          </entry>
          <entry typeCode="DRIV">
            <act classCode="ACT" moodCode="EVN">
              <!-- [eICR R2 STU1.1] Travel History -->
              <templateId root="2.16.840.1.113883.10.20.15.2.3.1" />
              <templateId extension="2016-12-01" root="2.16.840.1.113883.10.20.15.2.3.1" />
              <id root="79565142-eae0-4213-a3b3-b73cdf474682" />
              <code code="420008001" codeSystem="2.16.840.1.113883.6.96" codeSystemName="SNOMED-CT"
                displayName="Travel" />
              <text>Recent travel to Chandrila</text>
              <statusCode code="completed" />
              <effectiveTime>
                <low value="20250208" />
                <high value="20250214" />
              </effectiveTime>
            </act>
          </entry>
        </section>
      </component>
    </structuredBody>
  </component>
</ClinicalDocument>
