<ClinicalDocument xmlns="urn:hl7-org:v3" xmlns:cda="urn:hl7-org:v3" xmlns:sdtc="urn:hl7-org:sdtc"
  xmlns:voc="http://www.lantanagroup.com/voc"
  xmlns:xsi="http://www.w3.org/2001/XMLSchema-instance"
  xsi:schemaLocation="urn:hl7-org:v3 ../../schema/infrastructure/cda/CDA_SDTC.xsd">
  <realmCode code="US" />
  <typeId extension="POCD_HD000040" root="2.16.840.1.113883.1.3" />
  <templateId extension="2017-04-01" root="2.16.840.1.113883.10.20.15.2.1.2" />
  <id root="9f33931b-d204-4e2b-9f26-50f0dc59b5a0" />
  <code code="88085-6" codeSystem="2.16.840.1.113883.6.1"
    displayName="Reportability response report Document Public health" />
  <title>Reportability Response</title>
  <effectiveTime value="20250218094421-0700" />
  <confidentialityCode code="N" codeSystem="2.16.840.1.113883.5.25" displayName="Normal" />
  <languageCode code="en-US" />
  <!-- recordTarget: The patient -->
  <recordTarget>
    <!-- Patient demographics -->
    <patientRole>
      <!-- Patient ID-->
      <id extension="MRN-00884455" root="2.16.840.1.113883.19.5" />
      <!--SSN-->
      <id extension="000-65-4321" root="2.16.840.1.113883.4.1" />
      <addr use="H">
        <streetAddressLine>500 Republica, Suite 400</streetAddressLine>
        <city>Senate District</city>
        <state>Galactic City</state>
        <postalCode>GC-500</postalCode>
        <county>Administrative Core</county>
        <country>Coruscant</country>
      </addr>
      <telecom use="MC" value="tel:+1-555-555-9876" />
      <telecom use="WP" value="mailto:mon.mothma@senate.gr.example.com" />
      <patient>
        <name use="L">
          <prefix>Senator</prefix>
          <given>Mon</given>
          <family>Mothma</family>
        </name>
        <administrativeGenderCode code="F" codeSystem="2.16.840.1.113883.5.1"
          displayName="Female" />
        <birthTime value="19750101" />
        <sdtc:deceasedInd value="false" />
        <raceCode code="2106-3" codeSystem="2.16.840.1.113883.6.238"
          codeSystemName="Race &amp; Ethnicity - CDC" displayName="White" />
        <ethnicGroupCode code="2186-5" codeSystem="2.16.840.1.113883.6.238"
          codeSystemName="Race &amp; Ethnicity - CDC"
          displayName="Not Hispanic or Latino" />
        <languageCommunication>
          <languageCode code="en" />
          <preferenceInd value="true" />
        </languageCommunication>
      </patient>
    </patientRole>
  </recordTarget>

  <!-- author for RRs is _always_ going to be AIMS -->
  <author>
    <time value="20210412132517+0000" />
    <assignedAuthor>
      <id root="2.16.840.1.114222.4.1.217446" />
      <addr>
        <streetAddressLine>8515 Georgia Avenue, Suite 700</streetAddressLine>
        <city>Silver Spring</city>
        <state>MD</state>
        <postalCode>20910</postalCode>
        <country>US</country>
      </addr>
      <telecom use="WP" value="tel:+1(844)836-8377" />
      <assignedAuthoringDevice>
        <manufacturerModelName displayName="APHL" />
        <softwareName displayName="AIMS" />
      </assignedAuthoringDevice>
    </assignedAuthor>
  </author>

  <!-- custodian for RRs is _always_ going to be APHL -->
  <custodian>
    <assignedCustodian>
      <representedCustodianOrganization>
        <id root="2.16.840.1.114222.4.1.217446" />
        <name>APHL | Association of Public Health Laboratories.</name>
        <telecom use="WP" value="tel:+1(844)836-8377" />
        <addr>
          <streetAddressLine>8515 Georgia Avenue, Suite 700</streetAddressLine>
          <city>Silver Spring</city>
          <state>MD</state>
          <postalCode>20910</postalCode>
          <country>US</country>
        </addr>
      </representedCustodianOrganization>
    </assignedCustodian>
  </custodian>

  <!-- the assignedEntity from the eICR (the provider) -->
  <informationRecipient typeCode="PRCP">
    <intendedRecipient>
      <!-- Provider ID (NPI) -->
      <id extension="1234567890" root="2.16.840.1.113883.4.6" />
      <addr use="H">
        <streetAddressLine>200 Corusca Street</streetAddressLine>
        <city>Senate District</city>
        <state>Galactic City</state>
        <postalCode>GC-500</postalCode>
        <county>Administrative Core</county>
        <country>Coruscant</country>
      </addr>
      <telecom use="WP" value="tel:+1-555-777-0123" />
      <telecom use="WP" value="fax:+1-555-777-0987" />
      <telecom use="WP" value="mailto:dr.hemlock@grmfc.gc.example.com" />
      <informationRecipient>
        <name>
          <prefix>Dr</prefix>
          <given>Royce</given>
          <family>Hemlock</family>
          <suffix>MD</suffix>
        </name>
      </informationRecipient>

      <!-- representedOrganization in the eICR -->
      <receivedOrganization>
        <!-- NPI for the facility -->
        <id extension="1234567893" root="2.16.840.1.113883.4.6" />
        <!-- Provider Facility/Office Name-->
        <name>Grand Republic Medical Facility Clinic</name>
        <addr use="WP">
          <streetAddressLine>500 Republica Medical Plaza, Suite 1000</streetAddressLine>
          <city>Senate District</city>
          <state>Galactic City</state>
          <postalCode>GC-500</postalCode>
          <county>Administrative Core</county>
          <country>Coruscant</country>
        </addr>
      </receivedOrganization>
    </intendedRecipient>
  </informationRecipient>


  <componentOf>
    <encompassingEncounter>
      <!-- encounter ID-->
      <id extension="9937013" root="2.16.840.1.113883.19" />
      <code code="AMB" codeSystem="2.16.840.1.113883.5.4"
        codeSystemName="HL7 ActEncounterCode" displayName="Ambulatory" />
      <effectiveTime>
        <low value="20250216" />
        <high value="20250216" />
      </effectiveTime>
      <responsibleParty>
        <assignedEntity>
          <!-- Provider ID (NPI) -->
          <id extension="1234567890" root="2.16.840.1.113883.4.6" />
          <addr use="H">
            <streetAddressLine>200 Corusca Street</streetAddressLine>
            <city>Senate District</city>
            <state>Galactic City</state>
            <postalCode>GC-500</postalCode>
            <county>Administrative Core</county>
            <country>Coruscant</country>
          </addr>
          <telecom use="WP" value="tel:+1-555-777-0123" />
          <telecom use="WP" value="fax:+1-555-777-0987" />
          <telecom use="WP" value="mailto:dr.hemlock@grmfc.gc.example.com" />
          <assignedPerson>
            <name>
              <prefix>Dr</prefix>
              <given>Royce</given>
              <family>Hemlock</family>
              <suffix>MD</suffix>
            </name>
          </assignedPerson>
          <representedOrganization>
            <!-- Represented Organization-->
            <id extension="1234567893" root="2.16.840.1.113883.4.6" />
            <!-- Provider Facility/Office Name-->
            <name>Grand Republic Medical Facility Clinic</name>
            <addr use="WP">
              <streetAddressLine>500 Republica Medical Plaza, Suite 1000</streetAddressLine>
              <city>Senate District</city>
              <state>Galactic City</state>
              <postalCode>GC-500</postalCode>
              <county>Administrative Core</county>
              <country>Coruscant</country>
            </addr>
          </representedOrganization>
        </assignedEntity>
      </responsibleParty>
      <location>
        <healthCareFacility>
          <!-- Facility ID (NPI) -->
          <id extension="1234567890" root="2.16.840.1.113883.4.6" />
          <!-- Facility location within larger healthcare organization e.g Kaiser Vacaville within
          Kaiser North-->
          <code code="OF" codeSystem="2.16.840.1.113883.5.111"
            codeSystemName="HL7RoleCode" displayName="Outpatient Facility" />
          <location>
            <addr use="WP">
              <streetAddressLine>500 Republica Medical Plaza, Suite 1000</streetAddressLine>
              <city>Senate District</city>
              <state>Galactic City</state>
              <postalCode>GC-500</postalCode>
              <county>Administrative Core</county>
              <country>Coruscant</country>
            </addr>
          </location>
          <serviceProviderOrganization>
            <!-- Provider Facility/Office Name-->
            <name>Grand Republic Medical Facility Clinic</name>
            <telecom use="WP" value="tel:+1-888-000-9999" />
            <telecom use="WP" value="fax:+1-888-000-1111" />
            <addr use="WP">
              <streetAddressLine>500 Republica Medical Plaza, Suite 1000</streetAddressLine>
              <city>Senate District</city>
              <state>Galactic City</state>
              <postalCode>GC-500</postalCode>
              <county>Administrative Core</county>
              <country>Coruscant</country>
            </addr>
          </serviceProviderOrganization>
        </healthCareFacility>
      </location>
    </encompassingEncounter>
  </componentOf>

  <!-- first component holds the structredBody -->
  <component>
    <!-- structredBody contains all of the clinical sections of the eICR -->
    <structuredBody>

      <!-- RR subject section -->
      <component>
        <section>
          <templateId extension="2017-04-01" root="2.16.840.1.113883.10.20.15.2.2.1" />
          <!-- reportable condition response information and summary Document (LOINC) -->
          <code code="88084-9" codeSystem="2.16.840.1.113883.6.1" codeSystemName="LOINC" />
          <title>.</title>
          <text>
            <br />
            <content styleCode="Bold">Subject:</content>
            <paragraph>Public Health Reporting Communication: one or more conditions are
              reportable, or may be reportable, to public health. </paragraph>
          </text>
          <entry typeCode="DRIV">
            <act classCode="ACT" moodCode="INT">
              <templateId extension="2014-06-09"
                root="2.16.840.1.113883.10.20.22.4.20" />
              <templateId extension="2017-04-01"
                root="2.16.840.1.113883.10.20.15.2.3.7" />
              <id root="dc568eff-3a1e-4d22-85e2-3e5b19536c23" />
              <code code="131195008" codeSystem="2.16.840.1.113883.6.96"
                codeSystemName="SNOMED CT" displayName="Subject of information" />
              <text>Public Health Reporting Communication: one or more conditions are
                reportable, or may be reportable, to public health.</text>
              <statusCode code="completed" />
            </act>
          </entry>
        </section>
      </component>
      <component>
        <section>
          <templateId extension="2017-04-01" root="2.16.840.1.113883.10.20.15.2.2.3" />
          <code code="88082-3" codeSystem="2.16.840.1.113883.6.1" codeSystemName="LOINC"
            displayName="Initial case report processing information Document" />
          <entry>
            <act classCode="ACT" moodCode="EVN">
              <templateId extension="2017-04-01"
                root="2.16.840.1.113883.10.20.15.2.3.9" />
              <id root="6bff7990-f218-4f9d-a5aa-eb7afa6e9a3c" />
              <code code="RR5" codeSystem="2.16.840.1.114222.4.5.232"
                codeSystemName="PHIN VS (CDC Local Coding System)"
                displayName="Received eICR Information" />
              <statusCode code="completed" />
              <effectiveTime value="20210412132517+0000" />
              <reference typeCode="REFR">
                <externalDocument classCode="DOCCLIN" moodCode="EVN">
                  <templateId extension="2014-06-09"
                    root="2.16.840.1.113883.10.20.22.4.115" />
                  <templateId extension="2017-04-01"
                    root="2.16.840.1.113883.10.20.15.2.3.10" />
                  <id root="9408ddce-4dcb-416c-a153-82cce01839e2" />
                  <code code="55751-2" codeSystem="2.16.840.1.113883.6.1"
                    codeSystemName="LOINC"
                    displayName="Public Health Case Report (eICR)" />
                  <setId extension="8d86218e-0fea-11eb-8216-a80388425cfb"
                    root="1.2.840.114350.1.13.380.3.7.1.1" />
                  <versionNumber value="2" />
                </externalDocument>
              </reference>
            </act>
          </entry>
          <entry>
            <act classCode="ACT" moodCode="EVN">
              <templateId extension="2017-04-01"
                root="2.16.840.1.113883.10.20.15.2.3.29" />
              <id root="39d966b9-8a3a-4024-93d8-138e97d5898a" />
              <code code="RRVS19" codeSystem="2.16.840.1.114222.4.5.274"
                codeSystemName="PHIN VS (CDC Local Coding System)"
                displayName="eICR processed" />
              <entryRelationship typeCode="SPRT">
                <observation classCode="OBS" moodCode="EVN">
                  <templateId extension="2017-04-01"
                    root="2.16.840.1.113883.10.20.15.2.3.33" />
                  <id root="80f7b4ff-4d96-46ef-ae8f-af1f9c1f206e" />
                  <code code="RR10" codeSystem="2.16.840.1.114222.4.5.232"
                    codeSystemName="PHIN Questions"
                    displayName="eICR Validation Output" />
                  <value mediaType="text/xml" xsi:type="ED">
                    <Report xmlns="urn:aims-org:val"> </Report>
                  </value>
                </observation>
              </entryRelationship>
            </act>
          </entry>
        </section>
      </component>

      <!-- RR summary section -->
      <component>
        <section>
          <templateId extension="2017-04-01" root="2.16.840.1.113883.10.20.15.2.2.2" />
          <!-- document summary (LOINC) -->
          <code code="55112-7" codeSystem="2.16.840.1.113883.6.1" codeSystemName="LOINC" />
          <title>.</title>
          <text>
            <content styleCode="Bold">Summary:</content>
            <paragraph>Your organization electronically submitted an initial case report
              to determine if reporting to public health is needed for a
              patient.</paragraph>
            <paragraph>"Disease caused by severe acute respiratory syndrome coronavirus 2
              (disorder)" is reportable to "Senate District Department of Health". The initial case
              report was sent to "Senate District Department of Health". Additional information may
              be required for this report.<br /></paragraph>
            <paragraph>
              <content styleCode="Bold">"Disease caused by severe acute respiratory
                syndrome coronavirus 2 (disorder)" for "Senate District Department of Health" </content>
            </paragraph>
            <paragraph>Reporting is required immediately. Reporting to this Public Health Agency is
              based on "Both patient home address and provider facility address"<br /></paragraph>
            <paragraph>
              <content>&gt; This electronic case report serves as a TEST REPORT. Reporting for 2019
                nCov is required immediately. While an electronic case report was sent on to Senate
                District Department of Health, because the system is not in full production at this
                date, this report does NOT currently satisfy your reporting requirements. Please
                continue to report 2019 nCov using your normal methods. Click here to get
                information on how to report to the Senate District Department of Health! (<linkHtml
                  href="http://health.senate-district.gr/epi/"
                >Immediate
                  action required</linkHtml>)<br /><br /></content>
              <content>&gt; CDC COVID-19 webpage (<linkHtml
                  href="https://www.cdc.gov/coronavirus/2019-ncov/index.html"
                >Information only</linkHtml>
                )<br /><br /></content>
              <content>&gt; For more information or if you have any questions, please contact the
                Senate District Department of Health at 1-866-692-3641<br /><br /></content>
            </paragraph>
          </text>
          <entry typeCode="DRIV">
            <act classCode="ACT" moodCode="INT">
              <templateId extension="2014-06-09"
                root="2.16.840.1.113883.10.20.22.4.20" />
              <templateId extension="2017-04-01"
                root="2.16.840.1.113883.10.20.15.2.3.8" />
              <id root="fc23cd40-39a8-4acd-8d71-7ffd9de40bee" />
              <code code="304561000" codeSystem="2.16.840.1.113883.6.96"
                codeSystemName="SNOMED CT"
                displayName="Informing health care professional (procedure)" />
              <text>Your organization electronically submitted an initial case report
                to determine if reporting to public health is needed for a patient. </text>
              <statusCode code="completed" />
            </act>
          </entry>
          <entry typeCode="DRIV">
            <observation classCode="OBS" moodCode="EVN">
              <templateId extension="2017-04-01"
                root="2.16.840.1.113883.10.20.15.2.3.30" />
              <code code="RR9" codeSystem="2.16.840.1.114222.4.5.232"
                codeSystemName="PHIN Questions"
                displayName="Reportability response priority" />
              <value code="RRVS17" codeSystem="2.16.840.1.114222.4.5.274"
                codeSystemName="PHIN VS (CDC Local Coding System)"
                displayName="Immediate action required" xsi:type="CD" />
            </observation>
          </entry>
          <entry typeCode="DRIV">
            <organizer classCode="CLUSTER" moodCode="EVN">
              <templateId extension="2017-04-01"
                root="2.16.840.1.113883.10.20.15.2.3.34" />
              <code code="RR11" codeSystem="2.16.840.1.114222.4.5.232"
                codeSystemName="PHIN Questions"
                displayName="Reportability Response Coded Information" />
              <statusCode code="completed" />
              <component>
                <observation classCode="OBS" moodCode="EVN">
                  <templateId extension="2017-04-01"
                    root="2.16.840.1.113883.10.20.15.2.3.12" />
                  <id root="660b717b-9258-4ba2-8e5e-f446586dce22" />
                  <code code="64572001" codeSystem="2.16.840.1.113883.6.96"
                    codeSystemName="SNOMED" displayName="Condition">
                    <translation code="75323-6"
                      codeSystem="2.16.840.1.113883.6.1"
                      codeSystemName="LOINC" displayName="Condition" />
                  </code>
                  <value code="840539006" codeSystem="2.16.840.1.113883.6.96"
                    codeSystemName="SNOMED CT"
                    displayName="Disease caused by severe acute respiratory syndrome coronavirus 2 (disorder)"
                    xsi:type="CD" />
                  <entryRelationship typeCode="COMP">
                    <organizer classCode="CLUSTER" moodCode="EVN">
                      <templateId extension="2017-04-01"
                        root="2.16.840.1.113883.10.20.15.2.3.13" />
                      <id root="06e19b8d-0bf4-44a8-b33d-003cc11ab6c0" />
                      <code code="RRVS7"
                        codeSystem="2.16.840.1.114222.4.5.274"
                        codeSystemName="Location Relevance"
                        displayName="Both patient home address and provider facility address" />
                      <statusCode code="completed" />
                      <participant typeCode="LOC">
                        <templateId extension="2017-04-01"
                          root="2.16.840.1.113883.10.20.15.2.4.3" />
                        <participantRole>
                          <!-- made up senate district authoring agency id -->
                          <id extension="SDDH-GC-500" root="2.16.840.1.113883.4.6" />
                          <code code="RR12"
                            codeSystem="2.16.840.1.114222.4.5.232"
                            codeSystemName="PHIN Questions"
                            displayName="Rules Authoring Agency" />
                          <addr nullFlavor="NI" />
                          <telecom nullFlavor="NI" />
                          <playingEntity>
                            <name>Senate District Department of Health</name>
                          </playingEntity>
                        </participantRole>
                      </participant>
                      <participant typeCode="LOC">
                        <templateId extension="2017-04-01"
                          root="2.16.840.1.113883.10.20.15.2.4.1" />
                        <participantRole>
                          <!-- made up senate district authoring agency id -->
                          <id extension="SDDH-GC-500" root="2.16.840.1.113883.4.6" />
                          <code code="RR7"
                            codeSystem="2.16.840.1.114222.4.5.232"
                            codeSystemName="PHIN Questions"
                            displayName="Routing Entity" />
                          <addr nullFlavor="NI" />
                          <telecom nullFlavor="NI" />
                          <playingEntity>
                            <name>Senate District of Health</name>
                          </playingEntity>
                        </participantRole>
                      </participant>
                      <component typeCode="COMP">
                        <observation classCode="OBS" moodCode="EVN">
                          <templateId extension="2017-04-01"
                            root="2.16.840.1.113883.10.20.15.2.3.19" />
                          <id root="29b2d4fd-5f98-47b8-b346-4f3dd3c08bfc" />
                          <code code="RR1"
                            codeSystem="2.16.840.1.114222.4.5.232"
                            codeSystemName="PHIN Questions"
                            displayName="Determination of reportability" />
                          <value code="RRVS1"
                            codeSystem="2.16.840.1.114222.4.5.274"
                            codeSystemName="PHIN VS (CDC Local Coding System)"
                            displayName="Reportable" xsi:type="CD" />
                          <entryRelationship typeCode="RSON">
                            <observation classCode="OBS" moodCode="EVN">
                              <templateId extension="2017-04-01"
                                root="2.16.840.1.113883.10.20.15.2.3.27" />
                              <id root="613e9b75-39c5-4099-b525-16cd80ea7e92" />
                              <code code="RR3"
                                codeSystem="2.16.840.1.114222.4.5.232"
                                codeSystemName="PHIN Questions"
                                displayName="Determination of reportability rule" />
                              <value xsi:type="ST">All results of tests for
                                detection of SARS-CoV-2 nucleic acid in a clinical
                                specimen by any method </value>
                            </observation>
                          </entryRelationship>
                          <entryRelationship typeCode="RSON">
                            <observation classCode="OBS" moodCode="EVN">
                              <templateId extension="2017-04-01"
                                root="2.16.840.1.113883.10.20.15.2.3.27" />
                              <id root="e03e677e-1177-4948-a91d-32e4d9545014" />
                              <code code="RR3"
                                codeSystem="2.16.840.1.114222.4.5.232"
                                codeSystemName="PHIN Questions"
                                displayName="Determination of reportability rule" />
                              <value xsi:type="ST">Difficulty breathing</value>
                            </observation>
                          </entryRelationship>
                          <entryRelationship typeCode="RSON">
                            <observation classCode="OBS" moodCode="EVN">
                              <templateId extension="2017-04-01"
                                root="2.16.840.1.113883.10.20.15.2.3.27" />
                              <id root="6de7adc9-049d-43e9-871b-4c73bc114474" />
                              <code code="RR3"
                                codeSystem="2.16.840.1.114222.4.5.232"
                                codeSystemName="PHIN Questions"
                                displayName="Determination of reportability rule" />
                              <value xsi:type="ST">Lab test ordered for
                                detection of SARS-CoV-2 nucleic acid in a clinical
                                specimen by any method</value>
                            </observation>
                          </entryRelationship>
                        </observation>
                      </component>
                      <component typeCode="COMP">
                        <act classCode="ACT" moodCode="EVN">
                          <templateId extension="2017-04-01"
                            root="2.16.840.1.113883.10.20.15.2.3.20" />
                          <id root="558eecc0-7a59-4a15-a6f0-d17811ab6879" />
                          <code code="RRVS13"
                            codeSystem="2.16.840.1.114222.4.5.274"
                            codeSystemName="PHIN VS (CDC Local Coding System)"
                            displayName="Outbreak- or Cluster related" />
                          <priorityCode code="RRVS17"
                            codeSystem="2.16.840.1.114222.4.5.274"
                            codeSystemName="PHIN VS (CDC Local Coding System)"
                            displayName="Immediate action required" />
                          <reference typeCode="REFR">
                            <externalDocument classCode="DOC" moodCode="EVN">
                              <templateId extension="2017-04-01"
                                root="2.16.840.1.113883.10.20.15.2.3.17" />
                              <code nullFlavor="OTH">
                                <originalText>This electronic case report serves
                                  as a TEST REPORT. Reporting for 2019 nCov is
                                  required immediately. While an electronic case
                                  report was sent on to Senate District Department of Health,
                                  because the system is not in full production at this date,
                                  this report does NOT currently satisfy your
                                  reporting requirements. Please continue to report
                                  2019 nCov using your normal methods. Click here to
                                  get information on how to report to the Senate District Department
                                  of Health!</originalText>
                              </code>
                              <text mediaType="text/html">
                                <reference
                                  value="http://health.senate-district.gr/epi/"
                                />
                              </text>
                            </externalDocument>
                          </reference>
                        </act>
                      </component>
                      <component typeCode="COMP">
                        <act classCode="ACT" moodCode="EVN">
                          <templateId extension="2017-04-01"
                            root="2.16.840.1.113883.10.20.15.2.3.20" />
                          <id root="9fbdd4c7-9a3d-4313-b5d9-712b834f3873" />
                          <code code="RRVS13"
                            codeSystem="2.16.840.1.114222.4.5.274"
                            codeSystemName="PHIN VS (CDC Local Coding System)"
                            displayName="Outbreak- or Cluster related" />
                          <priorityCode code="RRVS15"
                            codeSystem="2.16.840.1.114222.4.5.274"
                            codeSystemName="PHIN VS (CDC Local Coding System)"
                            displayName="Information only" />
                          <reference typeCode="REFR">
                            <externalDocument classCode="DOC" moodCode="EVN">
                              <templateId extension="2017-04-01"
                                root="2.16.840.1.113883.10.20.15.2.3.17" />
                              <code nullFlavor="OTH">
                                <originalText>CDC COVID-19 webpage</originalText>
                              </code>
                              <text mediaType="text/html">
                                <reference
                                  value="https://www.cdc.gov/coronavirus/2019-ncov/index.html"
                                />
                              </text>
                            </externalDocument>
                          </reference>
                        </act>
                      </component>
                      <component typeCode="COMP">
                        <act classCode="ACT" moodCode="EVN">
                          <templateId extension="2017-04-01"
                            root="2.16.840.1.113883.10.20.15.2.3.20" />
                          <id root="3a38c62b-9579-4b98-a98f-d09992887024" />
                          <code code="RRVS12"
                            codeSystem="2.16.840.1.114222.4.5.274"
                            codeSystemName="PHIN VS (CDC Local Coding System)"
                            displayName="PHA Contact Information" />
                          <priorityCode code="RRVS15"
                            codeSystem="2.16.840.1.114222.4.5.274"
                            codeSystemName="PHIN VS (CDC Local Coding System)"
                            displayName="Information only" />
                          <reference typeCode="REFR">
                            <externalDocument classCode="DOC" moodCode="EVN">
                              <templateId extension="2017-04-01"
                                root="2.16.840.1.113883.10.20.15.2.3.17" />
                              <code nullFlavor="OTH">
                                <originalText>For more information or if you have
                                  any questions, please contact the Senate District
                                  Department of Health at
                                  1-866-692-3641</originalText>
                              </code>
                            </externalDocument>
                          </reference>
                        </act>
                      </component>
                      <component typeCode="COMP">
                        <observation classCode="OBS" moodCode="EVN">
                          <templateId extension="2017-04-01"
                            root="2.16.840.1.113883.10.20.15.2.3.14" />
                          <id root="871f31ea-4c1c-4cdb-a025-4b7f1c83e3ed" />
                          <code code="RR4"
                            codeSystem="2.16.840.1.114222.4.5.232"
                            codeSystemName="PHIN Questions"
                            displayName="Timeframe to report (urgency)" />
                          <value unit="min" value="0" xsi:type="PQ">
                            <translation code="88694003"
                              codeSystem="2.16.840.1.113883.6.96"
                              codeSystemName="SNOMED CT"
                              displayName="Immediate (qualifier value)" />
                          </value>
                        </observation>
                      </component>
                    </organizer>
                  </entryRelationship>
                </observation>
              </component>
            </organizer>
          </entry>
        </section>
      </component>
    </structuredBody>
  </component>
</ClinicalDocument>
