<ClinicalDocument xmlns="urn:hl7-org:v3" xmlns:cda="urn:hl7-org:v3" xmlns:sdtc="urn:hl7-org:sdtc"
  xmlns:voc="http://www.lantanagroup.com/voc" xmlns:xsi="http://www.w3.org/2001/XMLSchema-instance"
  xsi:schemaLocation="urn:hl7-org:v3 ../../schema/infrastructure/cda/CDA_SDTC.xsd">
  <realmCode code="US" />
  <typeId extension="POCD_HD000040" root="2.16.840.1.113883.1.3" />
  <templateId extension="2017-04-01" root="2.16.840.1.113883.10.20.15.2.1.2" />
  <id root="6f89e044-899e-4b78-b96d-62527ed45901" />
  <code code="88085-6" codeSystem="2.16.840.1.113883.6.1"
    displayName="Reportability response report Document Public health" />
  <title>Reportability Response</title>
  <effectiveTime value="20251021215428+0000" />
  <confidentialityCode code="N" codeSystem="2.16.840.1.113883.5.25" displayName="Normal" />
  <languageCode code="en-US" />
  <recordTarget>
    <!-- Patient demographics -->
    <patientRole>
      <!-- Patient ID-->
      <id extension="MRN-00884455" root="2.16.840.1.113883.19.5" />
      <!--SSN-->
      <id extension="000-65-4321" root="2.16.840.1.113883.4.1" />
      <addr use="H">
        <streetAddressLine>500 Republica, Suite 400</streetAddressLine>
        <city>Senate District</city>
        <state>Galactic City</state>
        <postalCode>GC-500</postalCode>
        <county>Administrative Core</county>
        <country>Coruscant</country>
      </addr>
      <telecom use="MC" value="tel:+1-555-555-9876" />
      <telecom use="WP" value="mailto:mon.mothma@senate.gr.example.com" />
      <patient>
        <name use="L">
          <prefix>Senator</prefix>
          <given>Mon</given>
          <family>Mothma</family>
        </name>
        <administrativeGenderCode code="F" codeSystem="2.16.840.1.113883.5.1"
          displayName="Female" />
        <birthTime value="19750101" />
        <sdtc:deceasedInd value="false" />
        <raceCode code="2106-3" codeSystem="2.16.840.1.113883.6.238"
          codeSystemName="Race &amp; Ethnicity - CDC" displayName="White" />
        <ethnicGroupCode code="2186-5" codeSystem="2.16.840.1.113883.6.238"
          codeSystemName="Race &amp; Ethnicity - CDC"
          displayName="Not Hispanic or Latino" />
        <languageCommunication>
          <languageCode code="en" />
          <preferenceInd value="true" />
        </languageCommunication>
      </patient>
    </patientRole>
  </recordTarget>

  <author>
    <time value="20251021215428+0000" />
    <assignedAuthor>
      <id root="2.16.840.1.114222.4.1.217446" />
      <addr>
        <streetAddressLine>7700 Wisconsin Avenue, Suite 1000</streetAddressLine>
        <city>Bethesda</city>
        <state>MD</state>
        <postalCode>20814</postalCode>
        <country>US</country>
      </addr>
      <telecom use="WP" value="mailto:support@aimsplatform.com" />
      <assignedAuthoringDevice>
        <manufacturerModelName displayName="APHL" />
        <softwareName displayName="AIMS" />
      </assignedAuthoringDevice>
    </assignedAuthor>
  </author>

  <custodian>
    <assignedCustodian>
      <representedCustodianOrganization>
        <id root="2.16.840.1.114222.4.1.217446" />
        <name>APHL | Association of Public Health Laboratories.</name>
        <telecom use="WP" value="mailto:support@aimsplatform.com" />
        <addr>
          <streetAddressLine>7700 Wisconsin Avenue, Suite 1000</streetAddressLine>
          <city>Bethesda</city>
          <state>MD</state>
          <postalCode>20814</postalCode>
          <country>US</country>
        </addr>
      </representedCustodianOrganization>
    </assignedCustodian>
  </custodian>

  <!-- the assignedEntity from the eICR (the provider) -->
  <informationRecipient typeCode="PRCP">
    <intendedRecipient>
      <!-- Provider ID (NPI) -->
      <id extension="1234567890" root="2.16.840.1.113883.4.6" />
      <addr use="H">
        <streetAddressLine>200 Corusca Street</streetAddressLine>
        <city>Senate District</city>
        <state>Galactic City</state>
        <postalCode>GC-500</postalCode>
        <county>Administrative Core</county>
        <country>Coruscant</country>
      </addr>
      <telecom use="WP" value="tel:+1-555-777-0123" />
      <telecom use="WP" value="fax:+1-555-777-0987" />
      <telecom use="WP" value="mailto:dr.hemlock@grmfc.gc.example.com" />
      <informationRecipient>
        <name>
          <prefix>Dr</prefix>
          <given>Royce</given>
          <family>Hemlock</family>
          <suffix>MD</suffix>
        </name>
      </informationRecipient>
      <!-- representedOrganization in the eICR -->
      <receivedOrganization>
        <!-- NPI for the facility -->
        <id extension="1234567893" root="2.16.840.1.113883.4.6" />

        <!-- Provider Facility/Office Name-->
        <name>Grand Republic Medical Facility Clinic</name>
        <addr use="WP">
          <streetAddressLine>500 Republica Medical Plaza, Suite 1000</streetAddressLine>
          <city>Senate District</city>
          <state>Galactic City</state>
          <postalCode>GC-500</postalCode>
          <county>Administrative Core</county>
          <country>Coruscant</country>
        </addr>
      </receivedOrganization>
    </intendedRecipient>
  </informationRecipient>

  <componentOf>
    <encompassingEncounter>
      <!-- encounter ID-->
      <id extension="9937015" root="2.16.840.1.113883.19" />
      <code code="AMB" codeSystem="2.16.840.1.113883.5.4"
        codeSystemName="HL7 ActEncounterCode" displayName="Ambulatory" />
      <effectiveTime>
        <low value="20250216" />
        <high value="20250216" />
      </effectiveTime>
      <responsibleParty>
        <assignedEntity>
          <!-- Provider ID (NPI) -->
          <id extension="1234567890" root="2.16.840.1.113883.4.6" />
          <addr use="H">
            <streetAddressLine>200 Corusca Street</streetAddressLine>
            <city>Senate District</city>
            <state>Galactic City</state>
            <postalCode>GC-500</postalCode>
            <county>Administrative Core</county>
            <country>Coruscant</country>
          </addr>
          <telecom use="WP" value="tel:+1-555-777-0123" />
          <telecom use="WP" value="fax:+1-555-777-0987" />
          <telecom use="WP" value="mailto:dr.hemlock@grmfc.gc.example.com" />
          <assignedPerson>
            <name>
              <prefix>Dr</prefix>
              <given>Royce</given>
              <family>Hemlock</family>
              <suffix>MD</suffix>
            </name>
          </assignedPerson>
          <representedOrganization>
            <!-- Represented Organization-->
            <id extension="1234567893" root="2.16.840.1.113883.4.6" />
            <!-- Provider Facility/Office Name-->
            <name>Grand Republic Medical Facility Clinic</name>
            <addr use="WP">
              <streetAddressLine>500 Republica Medical Plaza, Suite 1000</streetAddressLine>
              <city>Senate District</city>
              <state>Galactic City</state>
              <postalCode>GC-500</postalCode>
              <county>Administrative Core</county>
              <country>Coruscant</country>
            </addr>
          </representedOrganization>
        </assignedEntity>
      </responsibleParty>
      <location>
        <healthCareFacility>
          <!-- Facility ID (NPI) -->
          <id extension="1234567890" root="2.16.840.1.113883.4.6" />
          <!-- Facility location within larger healthcare organization e.g Kaiser Vacaville within
          Kaiser North-->
          <code code="OF" codeSystem="2.16.840.1.113883.5.111"
            codeSystemName="HL7RoleCode" displayName="Outpatient Facility" />
          <location>
            <addr use="WP">
              <streetAddressLine>500 Republica Medical Plaza, Suite 1000</streetAddressLine>
              <city>Senate District</city>
              <state>Galactic City</state>
              <postalCode>GC-500</postalCode>
              <county>Administrative Core</county>
              <country>Coruscant</country>
            </addr>
          </location>
          <serviceProviderOrganization>
            <!-- Provider Facility/Office Name-->
            <name>Grand Republic Medical Facility Clinic</name>
            <telecom use="WP" value="tel:+1-888-000-9999" />
            <telecom use="WP" value="fax:+1-888-000-1111" />
            <addr use="WP">
              <streetAddressLine>500 Republica Medical Plaza, Suite 1000</streetAddressLine>
              <city>Senate District</city>
              <state>Galactic City</state>
              <postalCode>GC-500</postalCode>
              <county>Administrative Core</county>
              <country>Coruscant</country>
            </addr>
          </serviceProviderOrganization>
        </healthCareFacility>
      </location>
    </encompassingEncounter>
  </componentOf>

  <!-- first component holds the structredBody -->
  <component>
    <!-- structredBody contains all of the clinical sections of the eICR -->
    <structuredBody>

      <!-- RR subject section -->
      <component>
        <section>
          <templateId extension="2017-04-01" root="2.16.840.1.113883.10.20.15.2.2.1" />
          <code code="88084-9" codeSystem="2.16.840.1.113883.6.1" codeSystemName="LOINC" />
          <title>.</title>
          <text>
            <br />
            <content styleCode="Bold">Subject:</content>
            <paragraph>Public Health Reporting Communication: one or more conditions are reportable,
              or may be reportable, to public health. </paragraph>
          </text>
          <entry typeCode="DRIV">
            <act classCode="ACT" moodCode="INT">
              <templateId extension="2014-06-09" root="2.16.840.1.113883.10.20.22.4.20" />
              <templateId extension="2017-04-01" root="2.16.840.1.113883.10.20.15.2.3.7" />
              <id root="fbf806fd-ad02-49f3-b0f4-48bfea505e15" />
              <code code="131195008" codeSystem="2.16.840.1.113883.6.96" codeSystemName="SNOMED CT"
                displayName="Subject of information" />
              <text>Public Health Reporting Communication: one or more conditions are reportable, or
                may be reportable, to public health.</text>
              <statusCode code="completed" />
            </act>
          </entry>
        </section>
      </component>
      <component>
        <section>
          <templateId extension="2017-04-01" root="2.16.840.1.113883.10.20.15.2.2.3" />
          <code code="88082-3" codeSystem="2.16.840.1.113883.6.1" codeSystemName="LOINC"
            displayName="Initial case report processing information Document" />
          <text>
            <content styleCode="Bold">eICR Information:</content>
            <paragraph>An initial report for a possible reportable condition was received on
              20251021215428 with the file name db734647-fc99-424c-a864-7e3cda82e89xw. The eICR was
              processed with the warning of: outdated eRSD (RCTC) version.</paragraph>
          </text>
          <entry>
            <act classCode="ACT" moodCode="EVN">
              <templateId extension="2017-04-01" root="2.16.840.1.113883.10.20.15.2.3.9" />
              <id root="6bff7990-f218-4f9d-a5aa-eb7afa6e9a3c" />
              <code code="RR5" codeSystem="2.16.840.1.114222.4.5.232"
                codeSystemName="PHIN VS (CDC Local Coding System)"
                displayName="Received eICR Information" />
              <statusCode code="completed" />
              <effectiveTime value="20251021215428+0000" />
              <reference typeCode="REFR">
                <externalDocument classCode="DOCCLIN" moodCode="EVN">
                  <templateId extension="2014-06-09" root="2.16.840.1.113883.10.20.22.4.115" />
                  <templateId extension="2017-04-01" root="2.16.840.1.113883.10.20.15.2.3.10" />
                  <id root="db734647-fc99-424c-a864-7e3cda82e89xw" />
                  <code code="55751-2" codeSystem="2.16.840.1.113883.6.1" codeSystemName="LOINC"
                    displayName="Public Health Case Report (eICR)" />
                  <setId extension="9d6acb30-45d3-456c-b428-a35a1441f1dd"
                    root="1.2.840.114350.1.13.380.3.7.1.1" />
                  <versionNumber value="1" />
                </externalDocument>
              </reference>
            </act>
          </entry>
          <entry>
            <act classCode="ACT" moodCode="EVN">
              <templateId extension="2017-04-01" root="2.16.840.1.113883.10.20.15.2.3.29" />
              <id root="39d966b9-8a3a-4024-93d8-138e97d5898a" />
              <code code="RRVS20" codeSystem="2.16.840.1.114222.4.5.274"
                codeSystemName="PHIN VS (CDC Local Coding System)"
                displayName="eICR was processed - with a warning" />
              <entryRelationship typeCode="RSON">
                <observation classCode="OBS" moodCode="EVN">
                  <templateId extension="2017-04-01" root="2.16.840.1.113883.10.20.15.2.3.21" />
                  <id root="e39d6ae2-8c6e-4638-9b33-412996586f42" />
                  <code code="RR6" codeSystem="2.16.840.1.114222.4.5.232"
                    codeSystemName="PHIN Questions" displayName="eICR processing status reason" />
                  <value code="RRVS29" codeSystem="2.16.840.1.114222.4.5.274"
                    codeSystemName="PHIN VS (CDC Local Coding System)"
                    displayName="The eICR was processed with the warning of: outdated eRSD (RCTC) version."
                    xsi:type="CD" />
                  <entryRelationship typeCode="RSON">
                    <observation classCode="OBS" moodCode="EVN">
                      <templateId extension="2017-04-01" root="2.16.840.1.113883.10.20.15.2.3.32" />
                      <id root="80f7b4ff-4d96-46ef-ae8f-af1f9c1f206c" />
                      <code code="RRVS31" codeSystem="2.16.840.1.114222.4.5.274"
                        codeSystemName="PHIN VS (CDC Local Coding System)"
                        displayName="Outdated eRSD (RCTC) Version Detail" />
                      <value xsi:type="ST">19/05/2016</value>
                    </observation>
                  </entryRelationship>
                  <entryRelationship typeCode="RSON">
                    <observation classCode="OBS" moodCode="EVN">
                      <templateId extension="2017-04-01" root="2.16.840.1.113883.10.20.15.2.3.32" />
                      <id root="80f7b4ff-4d96-46ef-ae8f-af1f9c1f206c" />
                      <code code="RRVS33" codeSystem="2.16.840.1.114222.4.5.274"
                        codeSystemName="PHIN VS (CDC Local Coding System)"
                        displayName="Expected eRSD (RCTC) Version Detail" />
                      <value xsi:type="ST">The expected eRSD (RCTC) version should be one of the
                        following: ["2025-03-18","2025-07-03","2.0.1","2.0.2","3.0.2","3.0.3"] </value>
                    </observation>
                  </entryRelationship>
                </observation>
              </entryRelationship>
              <entryRelationship typeCode="SPRT">
                <observation classCode="OBS" moodCode="EVN">
                  <templateId extension="2017-04-01" root="2.16.840.1.113883.10.20.15.2.3.33" />
                  <id root="80f7b4ff-4d96-46ef-ae8f-af1f9c1f206e" />
                  <code code="RR10" codeSystem="2.16.840.1.114222.4.5.232"
                    codeSystemName="PHIN Questions" displayName="eICR Validation Output" />
                  <value mediaType="text/xml" xsi:type="ED">
                    <Report xmlns="urn:aims-org:val"> </Report>
                  </value>
                </observation>
              </entryRelationship>
            </act>
          </entry>
        </section>
      </component>
      <component>
        <section>
          <templateId extension="2017-04-01" root="2.16.840.1.113883.10.20.15.2.2.2" />
          <code code="55112-7" codeSystem="2.16.840.1.113883.6.1" codeSystemName="LOINC" />
          <title>.</title>
          <text>
            <content styleCode="Bold">Summary:</content>
            <paragraph>Your organization electronically submitted an initial case report to
              determine if reporting to public health is needed for a patient.</paragraph>
            <paragraph>"Zika virus disease (disorder)" is reportable to "Senate District Department
              of Public Health". The initial case report was sent to "Senate District Department of
              Health". Additional information may be required for this report."Pertussis (disorder)"
              is reportable to "Senate District Department of Health". The initial case report was
              sent to "Senate District Department of Health". Additional information may be required
              for this report."Viral hepatitis type C (disorder)" is reportable to "Senate District
              Department of Public Health". The initial case report was sent to "Senate District
              Department of Public Health". Additional information may be required for this report.<br /></paragraph>
            <paragraph>No determination of reportability could be made for any condition for "Senate
              District Department of Health". This may be because it is not on the list of
              reportable conditions for this Public Health Agency, or the information provided at
              the time of this report does not meet reporting criteria, or the Public Health Agency
              is not yet accepting electronic case reports for this condition. Previous reporting
              processes should be continued until your Public Health Agency has specifically
              approved you for electronic case reporting for this condition.<br /></paragraph>
            <paragraph>The trigger code version your organization is using is out-of-date. Please
              have your EHR administrators install the current version for complete eCR functioning.<br /></paragraph>
            <paragraph>
              <content styleCode="Bold">"Zika virus disease (disorder)" for "Senate District
                Department of Health" </content>
            </paragraph>
            <paragraph>Reporting to this Public Health Agency is based on "Patient home address"<br /></paragraph>
            <paragraph>
              <content>&gt; (<linkHtml href="https://dph.senate.gr/epidemiology/disease-reporting">Information
                only</linkHtml>)<br /><br /></content>
            </paragraph>
            <paragraph>
              <content styleCode="Bold">"Pertussis (disorder)" for "Senate District Department of
                Health" </content>
            </paragraph>
            <paragraph>Reporting is required within "3 Day(s)". Reporting to this Public Health
              Agency is based on "Patient home address"<br /></paragraph>
            <paragraph>
              <content>&gt; Senate District Department of Health Lab RT-PCR guidance on specimen
                collection, storage and transport, acceptable specimen types for Bordetella
                pertussis. (<linkHtml
                  href="https://dph.senate.gr/bordetella-pertussis-b-parapertussis-and-b-holmesii" />
                )<br /><br /></content>
              <content>&gt; CDC Reference Guide for Pertussis (<linkHtml
                  href="http://www.cdc.gov/pertussis/">Information only</linkHtml>)<br /><br /></content>
              <content>&gt; Pertussis webpage containing background, vaccine, fact sheets, and
                epidemiological information (<linkHtml href="https://dph.senate.gr/pertussis" />)<br /><br /></content>
              <content>&gt; Guidance in obtaining a NP swab/aspirate along with optimal diagnostic
                testing information on PCR, Culture, and Serology (<linkHtml
                  href="https://www.cdc.gov/pertussis/clinical/diagnostic-testing/specimen-collection-diagnosis.html" />
                )<br /><br /></content>
            </paragraph>
            <paragraph>
              <content styleCode="Bold">"Viral hepatitis type C (disorder)" for "Senate District
                Department
                of Public Health" </content>
            </paragraph>
            <paragraph>Reporting is required within "7 Day(s)". Reporting to this Public Health
              Agency is based on "Patient home address"<br /></paragraph>
            <paragraph>
              <content>&gt; Case definition for Acute HCV including clinical criteria, laboratory
                criteria, and case classification (<linkHtml
                  href="https://ndc.services.cdc.gov/case-definitions/hepatitis-c-acute-2020/" />)<br /><br /></content>
            </paragraph>
          </text>
          <entry typeCode="DRIV">
            <act classCode="ACT" moodCode="INT">
              <templateId extension="2014-06-09" root="2.16.840.1.113883.10.20.22.4.20" />
              <templateId extension="2017-04-01" root="2.16.840.1.113883.10.20.15.2.3.8" />
              <id root="1f13201f-e2c8-4ecd-a173-398d9e7e6d46" />
              <code code="304561000" codeSystem="2.16.840.1.113883.6.96" codeSystemName="SNOMED CT"
                displayName="Informing health care professional (procedure)" />
              <text>Your organization electronically submitted an initial case report to determine
                if reporting to public health is needed for a patient. The eICR was processed with
                the warning of: outdated eRSD (RCTC) version.</text>
              <statusCode code="completed" />
            </act>
          </entry>
          <entry typeCode="DRIV">
            <observation classCode="OBS" moodCode="EVN">
              <templateId extension="2017-04-01" root="2.16.840.1.113883.10.20.15.2.3.30" />
              <code code="RR9" codeSystem="2.16.840.1.114222.4.5.232"
                codeSystemName="PHIN Questions" displayName="Reportability response priority" />
              <value code="RRVS15" codeSystem="2.16.840.1.114222.4.5.274"
                codeSystemName="PHIN VS (CDC Local Coding System)" displayName="Information Only"
                xsi:type="CD" />
            </observation>
          </entry>
          <entry typeCode="DRIV">
            <organizer classCode="CLUSTER" moodCode="EVN">
              <templateId extension="2017-04-01" root="2.16.840.1.113883.10.20.15.2.3.34" />
              <code code="RR11" codeSystem="2.16.840.1.114222.4.5.232"
                codeSystemName="PHIN Questions"
                displayName="Reportability Response Coded Information" />
              <statusCode code="completed" />
              <component>
                <observation classCode="OBS" moodCode="EVN">
                  <templateId extension="2017-04-01" root="2.16.840.1.113883.10.20.15.2.3.12" />
                  <id root="aab74bb3-aaed-4b3d-a5a1-abf716c24746" />
                  <code code="64572001" codeSystem="2.16.840.1.113883.6.96" codeSystemName="SNOMED"
                    displayName="Condition">
                    <translation code="75323-6" codeSystem="2.16.840.1.113883.6.1"
                      codeSystemName="LOINC" displayName="Condition" />
                  </code>
                  <value code="3928002" codeSystem="2.16.840.1.113883.6.96"
                    codeSystemName="SNOMED CT" displayName="Zika virus disease (disorder)"
                    xsi:type="CD" />
                  <entryRelationship typeCode="COMP">
                    <organizer classCode="CLUSTER" moodCode="EVN">
                      <templateId extension="2017-04-01" root="2.16.840.1.113883.10.20.15.2.3.13" />
                      <id root="dfeb3f45-d77b-4193-bf39-08d94f6fa22d" />
                      <code code="RRVS5" codeSystem="2.16.840.1.114222.4.5.274"
                        codeSystemName="Location Relevance" displayName="Patient home address" />
                      <statusCode code="completed" />
                      <participant typeCode="LOC">
                        <templateId extension="2017-04-01" root="2.16.840.1.113883.10.20.15.2.4.3" />
                        <participantRole>
                          <id extension="CHCC" root="2.16.840.1.113883.4.6" />
                          <code code="RR12" codeSystem="2.16.840.1.114222.4.5.232"
                            codeSystemName="PHIN Questions" displayName="Rules Authoring Agency" />
                          <addr use="H">
                            <streetAddressLine>200 Corusca Street</streetAddressLine>
                            <city>Senate District</city>
                            <state>Galactic City</state>
                            <postalCode>GC-500</postalCode>
                            <county>Administrative Core</county>
                            <country>Coruscant</country>
                          </addr>
                          <telecom use="WP" value="tel:+1-555-777-0123" />
                          <telecom use="WP" value="fax:+1-555-777-0987" />
                          <playingEntity>
                            <name>Senate District Health Department</name>
                          </playingEntity>
                        </participantRole>
                      </participant>
                      <participant typeCode="LOC">
                        <templateId extension="2017-04-01" root="2.16.840.1.113883.10.20.15.2.4.1" />
                        <participantRole>
                          <id extension="SSDH" root="2.16.840.1.113883.4.6" />
                          <code code="RR7" codeSystem="2.16.840.1.114222.4.5.232"
                            codeSystemName="PHIN Questions" displayName="Routing Entity" />
                          <addr use="H">
                            <streetAddressLine>200 Corusca Street</streetAddressLine>
                            <city>Senate District</city>
                            <state>Galactic City</state>
                            <postalCode>GC-500</postalCode>
                            <county>Administrative Core</county>
                            <country>Coruscant</country>
                          </addr>
                          <telecom use="WP" value="tel:+1-555-777-0123" />
                          <telecom use="WP" value="fax:+1-555-777-0987" />
                          <playingEntity>
                            <name>Senate District Health Department</name>
                          </playingEntity>
                        </participantRole>
                      </participant>
                      <component typeCode="COMP">
                        <observation classCode="OBS" moodCode="EVN">
                          <templateId extension="2017-04-01"
                            root="2.16.840.1.113883.10.20.15.2.3.19" />
                          <id root="0685602e-73b5-4673-8365-b9db22f22a57" />
                          <code code="RR1" codeSystem="2.16.840.1.114222.4.5.232"
                            codeSystemName="PHIN Questions"
                            displayName="Determination of reportability" />
                          <value code="RRVS1" codeSystem="2.16.840.1.114222.4.5.274"
                            codeSystemName="PHIN VS (CDC Local Coding System)"
                            displayName="Reportable" xsi:type="CD" />
                          <entryRelationship typeCode="RSON">
                            <observation classCode="OBS" moodCode="EVN">
                              <templateId extension="2017-04-01"
                                root="2.16.840.1.113883.10.20.15.2.3.27" />
                              <id root="c222477c-94c4-40b4-b254-1620fd7fb7d7" />
                              <code code="RR3" codeSystem="2.16.840.1.114222.4.5.232"
                                codeSystemName="PHIN Questions"
                                displayName="Determination of reportability rule" />
                              <value xsi:type="ST">Lab test ordered for detection of Zika virus
                                nucleic acid in a clinical specimen by any method</value>
                            </observation>
                          </entryRelationship>
                        </observation>
                      </component>
                      <component typeCode="COMP">
                        <act classCode="ACT" moodCode="EVN">
                          <templateId extension="2017-04-01"
                            root="2.16.840.1.113883.10.20.15.2.3.20" />
                          <id root="45b2fee6-9863-49f1-9a6b-5ee1e5fc397e" />
                          <code code="RRVS12" codeSystem="2.16.840.1.114222.4.5.274"
                            codeSystemName="PHIN VS (CDC Local Coding System)"
                            displayName="PHA Contact Information" />
                          <priorityCode code="RRVS15" codeSystem="2.16.840.1.114222.4.5.274"
                            codeSystemName="PHIN VS (CDC Local Coding System)"
                            displayName="Information only" />
                          <reference typeCode="REFR">
                            <externalDocument classCode="DOC" moodCode="EVN">
                              <templateId extension="2017-04-01"
                                root="2.16.840.1.113883.10.20.15.2.3.17" />
                              <code nullFlavor="OTH">
                                <originalText />
                              </code>
                              <text mediaType="text/html">
                                <reference
                                  value="https://dph.senate.gr/epidemiology/disease-reporting" />
                              </text>
                            </externalDocument>
                          </reference>
                        </act>
                      </component>
                    </organizer>
                  </entryRelationship>
                </observation>
              </component>
              <component>
                <observation classCode="OBS" moodCode="EVN">
                  <templateId extension="2017-04-01" root="2.16.840.1.113883.10.20.15.2.3.12" />
                  <id root="d9f72c40-4d34-4763-bc1c-91b3b56c79d1" />
                  <code code="64572001" codeSystem="2.16.840.1.113883.6.96" codeSystemName="SNOMED"
                    displayName="Condition">
                    <translation code="75323-6" codeSystem="2.16.840.1.113883.6.1"
                      codeSystemName="LOINC" displayName="Condition" />
                  </code>
                  <value code="27836007" codeSystem="2.16.840.1.113883.6.96"
                    codeSystemName="SNOMED CT" displayName="Pertussis (disorder)" xsi:type="CD" />
                  <entryRelationship typeCode="COMP">
                    <organizer classCode="CLUSTER" moodCode="EVN">
                      <templateId extension="2017-04-01" root="2.16.840.1.113883.10.20.15.2.3.13" />
                      <id root="b6a22a07-f05e-41cf-86ee-32833a2d943d" />
                      <code code="RRVS5" codeSystem="2.16.840.1.114222.4.5.274"
                        codeSystemName="Location Relevance" displayName="Patient home address" />
                      <statusCode code="completed" />
                      <participant typeCode="LOC">
                        <templateId extension="2017-04-01" root="2.16.840.1.113883.10.20.15.2.4.3" />
                        <participantRole>
                          <id extension="CHCC" root="2.16.840.1.113883.4.6" />
                          <code code="RR12" codeSystem="2.16.840.1.114222.4.5.232"
                            codeSystemName="PHIN Questions" displayName="Rules Authoring Agency" />
                          <addr use="H">
                            <streetAddressLine>200 Corusca Street</streetAddressLine>
                            <city>Senate District</city>
                            <state>Galactic City</state>
                            <postalCode>GC-500</postalCode>
                            <county>Administrative Core</county>
                            <country>Coruscant</country>
                          </addr>
                          <telecom use="WP" value="tel:+1-555-777-0123" />
                          <telecom use="WP" value="fax:+1-555-777-0987" />
                          <playingEntity>
                            <name>Senate District Health Department</name>
                          </playingEntity>
                        </participantRole>
                      </participant>
                      <participant typeCode="LOC">
                        <templateId extension="2017-04-01" root="2.16.840.1.113883.10.20.15.2.4.1" />
                        <participantRole>
                          <id extension="CHCC" root="2.16.840.1.113883.4.6" />
                          <code code="RR7" codeSystem="2.16.840.1.114222.4.5.232"
                            codeSystemName="PHIN Questions" displayName="Routing Entity" />
                          <addr use="H">
                            <streetAddressLine>200 Corusca Street</streetAddressLine>
                            <city>Senate District</city>
                            <state>Galactic City</state>
                            <postalCode>GC-500</postalCode>
                            <county>Administrative Core</county>
                            <country>Coruscant</country>
                          </addr>
                          <telecom use="WP" value="tel:+1-555-777-0123" />
                          <telecom use="WP" value="fax:+1-555-777-0987" />
                          <playingEntity>
                            <name>Senate District Health Department</name>
                          </playingEntity>
                        </participantRole>
                      </participant>
                      <component typeCode="COMP">
                        <observation classCode="OBS" moodCode="EVN">
                          <templateId extension="2017-04-01"
                            root="2.16.840.1.113883.10.20.15.2.3.19" />
                          <id root="f6df4130-8663-496b-827f-0e87b0ef16d7" />
                          <code code="RR1" codeSystem="2.16.840.1.114222.4.5.232"
                            codeSystemName="PHIN Questions"
                            displayName="Determination of reportability" />
                          <value code="RRVS1" codeSystem="2.16.840.1.114222.4.5.274"
                            codeSystemName="PHIN VS (CDC Local Coding System)"
                            displayName="Reportable" xsi:type="CD" />
                          <entryRelationship typeCode="RSON">
                            <observation classCode="OBS" moodCode="EVN">
                              <templateId extension="2017-04-01"
                                root="2.16.840.1.113883.10.20.15.2.3.27" />
                              <id root="6674d55c-a931-472f-bb4a-0d024254fd1f" />
                              <code code="RR3" codeSystem="2.16.840.1.114222.4.5.232"
                                codeSystemName="PHIN Questions"
                                displayName="Determination of reportability rule" />
                              <value xsi:type="ST">Cough (any duration)</value>
                            </observation>
                          </entryRelationship>
                          <entryRelationship typeCode="RSON">
                            <observation classCode="OBS" moodCode="EVN">
                              <templateId extension="2017-04-01"
                                root="2.16.840.1.113883.10.20.15.2.3.27" />
                              <id root="beb30bdd-6291-428b-8d32-e26cdd267f94" />
                              <code code="RR3" codeSystem="2.16.840.1.114222.4.5.232"
                                codeSystemName="PHIN Questions"
                                displayName="Determination of reportability rule" />
                              <value xsi:type="ST">Detection of Bordetella pertussis antibody in a
                                clinical specimen by any method</value>
                            </observation>
                          </entryRelationship>
                          <entryRelationship typeCode="RSON">
                            <observation classCode="OBS" moodCode="EVN">
                              <templateId extension="2017-04-01"
                                root="2.16.840.1.113883.10.20.15.2.3.27" />
                              <id root="1b5a8a65-0865-4f02-829d-f57ae05c0a09" />
                              <code code="RR3" codeSystem="2.16.840.1.114222.4.5.232"
                                codeSystemName="PHIN Questions"
                                displayName="Determination of reportability rule" />
                              <value xsi:type="ST">Identification of Bordetella pertussis in a
                                clinical specimen by culture method, including identification tests
                                performed on an isolate</value>
                            </observation>
                          </entryRelationship>
                          <entryRelationship typeCode="RSON">
                            <observation classCode="OBS" moodCode="EVN">
                              <templateId extension="2017-04-01"
                                root="2.16.840.1.113883.10.20.15.2.3.27" />
                              <id root="07eefcdd-a416-4256-9d4c-917a438f94f5" />
                              <code code="RR3" codeSystem="2.16.840.1.114222.4.5.232"
                                codeSystemName="PHIN Questions"
                                displayName="Determination of reportability rule" />
                              <value xsi:type="ST">Lab test ordered for detection of Bordetella
                                pertussis antibody in a clinical specimen by any method</value>
                            </observation>
                          </entryRelationship>
                          <entryRelationship typeCode="RSON">
                            <observation classCode="OBS" moodCode="EVN">
                              <templateId extension="2017-04-01"
                                root="2.16.840.1.113883.10.20.15.2.3.27" />
                              <id root="a3aa813b-cfab-46b8-86fc-95b7750157d7" />
                              <code code="RR3" codeSystem="2.16.840.1.114222.4.5.232"
                                codeSystemName="PHIN Questions"
                                displayName="Determination of reportability rule" />
                              <value xsi:type="ST">Lab test ordered for identification of Bordetella
                                pertussis in a clinical specimen by organism-specific culture
                                method, including identification tests performed on an isolate</value>
                            </observation>
                          </entryRelationship>
                          <entryRelationship typeCode="RSON">
                            <observation classCode="OBS" moodCode="EVN">
                              <templateId extension="2017-04-01"
                                root="2.16.840.1.113883.10.20.15.2.3.27" />
                              <id root="1278ae45-9710-404f-b856-a251a2982c33" />
                              <code code="RR3" codeSystem="2.16.840.1.114222.4.5.232"
                                codeSystemName="PHIN Questions"
                                displayName="Determination of reportability rule" />
                              <value xsi:type="ST">Paroxysmal cough</value>
                            </observation>
                          </entryRelationship>
                          <entryRelationship typeCode="RSON">
                            <observation classCode="OBS" moodCode="EVN">
                              <templateId extension="2017-04-01"
                                root="2.16.840.1.113883.10.20.15.2.3.27" />
                              <id root="9b5f16e9-3b47-41a1-b209-6504b4f88235" />
                              <code code="RR3" codeSystem="2.16.840.1.114222.4.5.232"
                                codeSystemName="PHIN Questions"
                                displayName="Determination of reportability rule" />
                              <value xsi:type="ST">Pertussis (as a diagnosis or active problem)</value>
                            </observation>
                          </entryRelationship>
                        </observation>
                      </component>
                      <component typeCode="COMP">
                        <act classCode="ACT" moodCode="EVN">
                          <templateId extension="2017-04-01"
                            root="2.16.840.1.113883.10.20.15.2.3.20" />
                          <id root="3a8194a4-873e-4fb1-ba68-1585c4706449" />
                          <code nullFlavor="NA" />
                          <priorityCode code="RRVS15" codeSystem="2.16.840.1.114222.4.5.274"
                            codeSystemName="PHIN VS (CDC Local Coding System)"
                            displayName="Information only" />
                          <reference typeCode="REFR">
                            <externalDocument classCode="DOC" moodCode="EVN">
                              <templateId extension="2017-04-01"
                                root="2.16.840.1.113883.10.20.15.2.3.17" />
                              <code nullFlavor="OTH">
                                <originalText>Senate District Department of Health Lab RT-PCR
                                  guidance on specimen
                                  collection, storage and transport, acceptable specimen types for
                                  Bordetella pertussis. </originalText>
                              </code>
                              <text mediaType="text/html">
                                <reference
                                  value="https://dph.senate.gr/bordetella-pertussis-b-parapertussis-and-b-holmesii" />
                              </text>
                            </externalDocument>
                          </reference>
                        </act>
                      </component>
                      <component typeCode="COMP">
                        <act classCode="ACT" moodCode="EVN">
                          <templateId extension="2017-04-01"
                            root="2.16.840.1.113883.10.20.15.2.3.20" />
                          <id root="dc7915f0-c8f7-4811-b2d5-cb522f4b1023" />
                          <code code="RRVS11" codeSystem="2.16.840.1.114222.4.5.274"
                            codeSystemName="PHIN VS (CDC Local Coding System)"
                            displayName="Additional Resources" />
                          <priorityCode code="RRVS15" codeSystem="2.16.840.1.114222.4.5.274"
                            codeSystemName="PHIN VS (CDC Local Coding System)"
                            displayName="Information only" />
                          <reference typeCode="REFR">
                            <externalDocument classCode="DOC" moodCode="EVN">
                              <templateId extension="2017-04-01"
                                root="2.16.840.1.113883.10.20.15.2.3.17" />
                              <code nullFlavor="OTH">
                                <originalText>CDC Reference Guide for Pertussis</originalText>
                              </code>
                              <text mediaType="text/html">
                                <reference value="http://www.cdc.gov/pertussis/" />
                              </text>
                            </externalDocument>
                          </reference>
                        </act>
                      </component>
                      <component typeCode="COMP">
                        <act classCode="ACT" moodCode="EVN">
                          <templateId extension="2017-04-01"
                            root="2.16.840.1.113883.10.20.15.2.3.20" />
                          <id root="17cc662e-998b-4d7f-90fa-e2af04daeeb4" />
                          <code nullFlavor="NA" />
                          <priorityCode code="RRVS15" codeSystem="2.16.840.1.114222.4.5.274"
                            codeSystemName="PHIN VS (CDC Local Coding System)"
                            displayName="Information only" />
                          <reference typeCode="REFR">
                            <externalDocument classCode="DOC" moodCode="EVN">
                              <templateId extension="2017-04-01"
                                root="2.16.840.1.113883.10.20.15.2.3.17" />
                              <code nullFlavor="OTH">
                                <originalText>Pertussis webpage containing background, vaccine, fact
                                  sheets, and epidemiological information </originalText>
                              </code>
                              <text mediaType="text/html">
                                <reference value="https://dph.senate.gr/pertussis" />
                              </text>
                            </externalDocument>
                          </reference>
                        </act>
                      </component>
                      <component typeCode="COMP">
                        <act classCode="ACT" moodCode="EVN">
                          <templateId extension="2017-04-01"
                            root="2.16.840.1.113883.10.20.15.2.3.20" />
                          <id root="d23826d3-863c-4cb8-83a0-41906bcffce2" />
                          <code nullFlavor="NA" />
                          <priorityCode code="RRVS15" codeSystem="2.16.840.1.114222.4.5.274"
                            codeSystemName="PHIN VS (CDC Local Coding System)"
                            displayName="Information only" />
                          <reference typeCode="REFR">
                            <externalDocument classCode="DOC" moodCode="EVN">
                              <templateId extension="2017-04-01"
                                root="2.16.840.1.113883.10.20.15.2.3.17" />
                              <code nullFlavor="OTH">
                                <originalText>Guidance in obtaining a NP swab/aspirate along with
                                  optimal diagnostic testing information on PCR, Culture, and
                                  Serology </originalText>
                              </code>
                              <text mediaType="text/html">
                                <reference
                                  value="https://www.cdc.gov/pertussis/clinical/diagnostic-testing/specimen-collection-diagnosis.html" />
                              </text>
                            </externalDocument>
                          </reference>
                        </act>
                      </component>
                      <component typeCode="COMP">
                        <observation classCode="OBS" moodCode="EVN">
                          <templateId extension="2017-04-01"
                            root="2.16.840.1.113883.10.20.15.2.3.14" />
                          <id root="7b993319-0531-4d5b-ba03-50d3e08af415" />
                          <code code="RR4" codeSystem="2.16.840.1.114222.4.5.232"
                            codeSystemName="PHIN Questions"
                            displayName="Timeframe to report (urgency)" />
                          <value unit="d" value="3" xsi:type="PQ"> </value>
                        </observation>
                      </component>
                    </organizer>
                  </entryRelationship>
                </observation>
              </component>
              <component>
                <observation classCode="OBS" moodCode="EVN">
                  <templateId extension="2017-04-01" root="2.16.840.1.113883.10.20.15.2.3.12" />
                  <id root="89ea5f17-09a9-4926-84eb-e9976b3b7d76" />
                  <code code="64572001" codeSystem="2.16.840.1.113883.6.96" codeSystemName="SNOMED"
                    displayName="Condition">
                    <translation code="75323-6" codeSystem="2.16.840.1.113883.6.1"
                      codeSystemName="LOINC" displayName="Condition" />
                  </code>
                  <value code="50711007" codeSystem="2.16.840.1.113883.6.96"
                    codeSystemName="SNOMED CT" displayName="Viral hepatitis type C (disorder)"
                    xsi:type="CD" />
                  <entryRelationship typeCode="COMP">
                    <organizer classCode="CLUSTER" moodCode="EVN">
                      <templateId extension="2017-04-01" root="2.16.840.1.113883.10.20.15.2.3.13" />
                      <id root="d55233fa-6dd4-4ab3-ba80-13815453507b" />
                      <code code="RRVS5" codeSystem="2.16.840.1.114222.4.5.274"
                        codeSystemName="Location Relevance" displayName="Patient home address" />
                      <statusCode code="completed" />
                      <participant typeCode="LOC">
                        <templateId extension="2017-04-01" root="2.16.840.1.113883.10.20.15.2.4.3" />
                        <participantRole>
                          <id extension="CHCC" root="2.16.840.1.113883.4.6" />
                          <code code="RR12" codeSystem="2.16.840.1.114222.4.5.232"
                            codeSystemName="PHIN Questions" displayName="Rules Authoring Agency" />
                          <addr use="H">
                            <streetAddressLine>200 Corusca Street</streetAddressLine>
                            <city>Senate District</city>
                            <state>Galactic City</state>
                            <postalCode>GC-500</postalCode>
                            <county>Administrative Core</county>
                            <country>Coruscant</country>
                          </addr>
                          <telecom use="WP" value="tel:+1-555-777-0123" />
                          <telecom use="WP" value="fax:+1-555-777-0987" />
                          <playingEntity>
                            <name>Senate District Health Department</name>
                          </playingEntity>
                        </participantRole>
                      </participant>
                      <participant typeCode="LOC">
                        <templateId extension="2017-04-01" root="2.16.840.1.113883.10.20.15.2.4.1" />
                        <participantRole>
                          <id extension="CHCC" root="2.16.840.1.113883.4.6" />
                          <code code="RR7" codeSystem="2.16.840.1.114222.4.5.232"
                            codeSystemName="PHIN Questions" displayName="Routing Entity" />
                          <addr use="H">
                            <streetAddressLine>200 Corusca Street</streetAddressLine>
                            <city>Senate District</city>
                            <state>Galactic City</state>
                            <postalCode>GC-500</postalCode>
                            <county>Administrative Core</county>
                            <country>Coruscant</country>
                          </addr>
                          <telecom use="WP" value="tel:+1-555-777-0123" />
                          <telecom use="WP" value="fax:+1-555-777-0987" />
                          <playingEntity>
                            <name>Senate District Health Department</name>
                          </playingEntity>
                        </participantRole>
                      </participant>
                      <component typeCode="COMP">
                        <observation classCode="OBS" moodCode="EVN">
                          <templateId extension="2017-04-01"
                            root="2.16.840.1.113883.10.20.15.2.3.19" />
                          <id root="985d4f2c-a973-429a-833d-74c99ade54a4" />
                          <code code="RR1" codeSystem="2.16.840.1.114222.4.5.232"
                            codeSystemName="PHIN Questions"
                            displayName="Determination of reportability" />
                          <value code="RRVS1" codeSystem="2.16.840.1.114222.4.5.274"
                            codeSystemName="PHIN VS (CDC Local Coding System)"
                            displayName="Reportable" xsi:type="CD" />
                          <entryRelationship typeCode="RSON">
                            <observation classCode="OBS" moodCode="EVN">
                              <templateId extension="2017-04-01"
                                root="2.16.840.1.113883.10.20.15.2.3.27" />
                              <id root="e550114e-8d8e-4ae8-a0a0-bd8b956b2a4a" />
                              <code code="RR3" codeSystem="2.16.840.1.114222.4.5.232"
                                codeSystemName="PHIN Questions"
                                displayName="Determination of reportability rule" />
                              <value xsi:type="ST">All results for tests for detection of hepatitis
                                C virus nucleic acid in a clinical specimen by any organism-specific
                                method</value>
                            </observation>
                          </entryRelationship>
                        </observation>
                      </component>
                      <component typeCode="COMP">
                        <act classCode="ACT" moodCode="EVN">
                          <templateId extension="2017-04-01"
                            root="2.16.840.1.113883.10.20.15.2.3.20" />
                          <id root="b3134773-531b-4525-8a53-d2a9096a8c62" />
                          <code nullFlavor="NA" />
                          <priorityCode code="RRVS15" codeSystem="2.16.840.1.114222.4.5.274"
                            codeSystemName="PHIN VS (CDC Local Coding System)"
                            displayName="Information only" />
                          <reference typeCode="REFR">
                            <externalDocument classCode="DOC" moodCode="EVN">
                              <templateId extension="2017-04-01"
                                root="2.16.840.1.113883.10.20.15.2.3.17" />
                              <code nullFlavor="OTH">
                                <originalText>Case definition for Acute HCV including clinical
                                  criteria, laboratory criteria, and case classification</originalText>
                              </code>
                              <text mediaType="text/html">
                                <reference
                                  value="https://ndc.services.cdc.gov/case-definitions/hepatitis-c-acute-2020/" />
                              </text>
                            </externalDocument>
                          </reference>
                        </act>
                      </component>
                      <component typeCode="COMP">
                        <observation classCode="OBS" moodCode="EVN">
                          <templateId extension="2017-04-01"
                            root="2.16.840.1.113883.10.20.15.2.3.14" />
                          <id root="16c2fb87-73c1-435e-b32b-4c0f07fe50eb" />
                          <code code="RR4" codeSystem="2.16.840.1.114222.4.5.232"
                            codeSystemName="PHIN Questions"
                            displayName="Timeframe to report (urgency)" />
                          <value unit="d" value="7" xsi:type="PQ"> </value>
                        </observation>
                      </component>
                    </organizer>
                  </entryRelationship>
                </observation>
              </component>
            </organizer>
          </entry>
        </section>
      </component>
    </structuredBody>
  </component>
</ClinicalDocument>
